[
{
  "model": "account.emailaddress",
  "pk": 1,
  "fields": {
    "user": 1,
    "email": "test@test.com",
    "verified": false,
    "primary": true
  }
},
{
  "model": "account.emailaddress",
  "pk": 2,
  "fields": {
    "user": 3,
    "email": "user@test.com",
    "verified": false,
    "primary": true
  }
},
{
  "model": "products.category",
  "pk": 1,
  "fields": {
    "name": "Computer & Laptop",
    "short_identifier": "CAL",
    "parent": null,
    "image": "categories/Slider_1.png",
    "slug": "computer-laptop",
    "lft": 1,
    "rght": 2,
    "tree_id": 2,
    "level": 0
  }
},
{
  "model": "products.category",
  "pk": 2,
  "fields": {
    "name": "Computer Accessories",
    "short_identifier": "COA",
    "parent": null,
    "image": "categories/Accessories.png",
    "slug": "computer-accessories",
    "lft": 1,
    "rght": 2,
    "tree_id": 3,
    "level": 0
  }
},
{
  "model": "products.category",
  "pk": 3,
  "fields": {
    "name": "Smartphone",
    "short_identifier": "SMP",
    "parent": null,
    "image": "categories/Smartphone.png",
    "slug": "smartphone",
    "lft": 1,
    "rght": 22,
    "tree_id": 8,
    "level": 0
  }
},
{
  "model": "products.category",
  "pk": 4,
  "fields": {
    "name": "Headphone",
    "short_identifier": "HEP",
    "parent": null,
    "image": "categories/Headphone.png",
    "slug": "headphone",
    "lft": 1,
    "rght": 2,
    "tree_id": 6,
    "level": 0
  }
},
{
  "model": "products.category",
  "pk": 5,
  "fields": {
    "name": "Mobile Accessories",
    "short_identifier": "MOA",
    "parent": null,
    "image": "",
    "slug": "mobile-accessories",
    "lft": 1,
    "rght": 2,
    "tree_id": 7,
    "level": 0
  }
},
{
  "model": "products.category",
  "pk": 6,
  "fields": {
    "name": "Gaming Console",
    "short_identifier": "GAC",
    "parent": null,
    "image": "",
    "slug": "gaming-console",
    "lft": 1,
    "rght": 4,
    "tree_id": 5,
    "level": 0
  }
},
{
  "model": "products.category",
  "pk": 7,
  "fields": {
    "name": "Camera & Photo",
    "short_identifier": "CAP",
    "parent": null,
    "image": "categories/Camera.png",
    "slug": "camera-photo",
    "lft": 1,
    "rght": 2,
    "tree_id": 1,
    "level": 0
  }
},
{
  "model": "products.category",
  "pk": 8,
  "fields": {
    "name": "TV & Home Appliances",
    "short_identifier": "TVH",
    "parent": null,
    "image": "categories/TV__Homes.png",
    "slug": "tv-home-appliances",
    "lft": 1,
    "rght": 2,
    "tree_id": 9,
    "level": 0
  }
},
{
  "model": "products.category",
  "pk": 9,
  "fields": {
    "name": "Watches & Accessories",
    "short_identifier": "WAA",
    "parent": null,
    "image": "",
    "slug": "watches-accessories",
    "lft": 1,
    "rght": 2,
    "tree_id": 10,
    "level": 0
  }
},
{
  "model": "products.category",
  "pk": 10,
  "fields": {
    "name": "GPS & Navigation",
    "short_identifier": "GAN",
    "parent": null,
    "image": "",
    "slug": "gps-navigation",
    "lft": 1,
    "rght": 2,
    "tree_id": 4,
    "level": 0
  }
},
{
  "model": "products.category",
  "pk": 11,
  "fields": {
    "name": "Wearable Technology",
    "short_identifier": "WET",
    "parent": null,
    "image": "",
    "slug": "wearable-technology",
    "lft": 1,
    "rght": 2,
    "tree_id": 11,
    "level": 0
  }
},
{
  "model": "products.category",
  "pk": 12,
  "fields": {
    "name": "Iphone",
    "short_identifier": "IPH",
    "parent": 3,
    "image": "",
    "slug": "iphone",
    "lft": 6,
    "rght": 7,
    "tree_id": 8,
    "level": 1
  }
},
{
  "model": "products.category",
  "pk": 13,
  "fields": {
    "name": "Samsung",
    "short_identifier": "SAM",
    "parent": 3,
    "image": "",
    "slug": "samsung",
    "lft": 14,
    "rght": 15,
    "tree_id": 8,
    "level": 1
  }
},
{
  "model": "products.category",
  "pk": 14,
  "fields": {
    "name": "Realme",
    "short_identifier": "REA",
    "parent": 3,
    "image": "",
    "slug": "realme",
    "lft": 12,
    "rght": 13,
    "tree_id": 8,
    "level": 1
  }
},
{
  "model": "products.category",
  "pk": 15,
  "fields": {
    "name": "Xiaomi",
    "short_identifier": "XIA",
    "parent": 3,
    "image": "",
    "slug": "xiaomi",
    "lft": 20,
    "rght": 21,
    "tree_id": 8,
    "level": 1
  }
},
{
  "model": "products.category",
  "pk": 16,
  "fields": {
    "name": "Oppo",
    "short_identifier": "OPP",
    "parent": 3,
    "image": "",
    "slug": "oppo",
    "lft": 10,
    "rght": 11,
    "tree_id": 8,
    "level": 1
  }
},
{
  "model": "products.category",
  "pk": 17,
  "fields": {
    "name": "Vivo",
    "short_identifier": "VIV",
    "parent": 3,
    "image": "",
    "slug": "vivo",
    "lft": 18,
    "rght": 19,
    "tree_id": 8,
    "level": 1
  }
},
{
  "model": "products.category",
  "pk": 18,
  "fields": {
    "name": "OnePlus",
    "short_identifier": "ONP",
    "parent": 3,
    "image": "",
    "slug": "oneplus",
    "lft": 8,
    "rght": 9,
    "tree_id": 8,
    "level": 1
  }
},
{
  "model": "products.category",
  "pk": 19,
  "fields": {
    "name": "Huawei",
    "short_identifier": "HUA",
    "parent": 3,
    "image": "",
    "slug": "huawei",
    "lft": 2,
    "rght": 3,
    "tree_id": 8,
    "level": 1
  }
},
{
  "model": "products.category",
  "pk": 20,
  "fields": {
    "name": "Infinix",
    "short_identifier": "INF",
    "parent": 3,
    "image": "",
    "slug": "infinix",
    "lft": 4,
    "rght": 5,
    "tree_id": 8,
    "level": 1
  }
},
{
  "model": "products.category",
  "pk": 21,
  "fields": {
    "name": "Tecno",
    "short_identifier": "TEC",
    "parent": 3,
    "image": "",
    "slug": "tecno",
    "lft": 16,
    "rght": 17,
    "tree_id": 8,
    "level": 1
  }
},
{
  "model": "products.category",
  "pk": 22,
  "fields": {
    "name": "XboX",
    "short_identifier": "XBX",
    "parent": 6,
    "image": "",
    "slug": "xbox",
    "lft": 2,
    "rght": 3,
    "tree_id": 5,
    "level": 1
  }
},
{
  "model": "products.tag",
  "pk": 1,
  "fields": {
    "name": "Samsung",
    "slug": "samsung"
  }
},
{
  "model": "products.tag",
  "pk": 2,
  "fields": {
    "name": "Gaming",
    "slug": "gaming"
  }
},
{
  "model": "products.productcolors",
  "pk": 1,
  "fields": {
    "name": "Red",
    "color_code": "#FF0000",
    "color_format": "hex"
  }
},
{
  "model": "products.productcolors",
  "pk": 2,
  "fields": {
    "name": "Green",
    "color_code": "rgb(0, 25, 0)",
    "color_format": "rgb"
  }
},
{
  "model": "products.productcolors",
  "pk": 3,
  "fields": {
    "name": "Light Blue",
    "color_code": "rgba(173, 216, 230, 1)",
    "color_format": "rgba"
  }
},
{
  "model": "products.productcolors",
  "pk": 4,
  "fields": {
    "name": "Black",
    "color_code": "hsl(0, 0%, 0%)",
    "color_format": "hsl"
  }
},
{
  "model": "products.product",
  "pk": 1,
  "fields": {
    "created": "2025-08-11T18:09:44.605Z",
    "modified": "2025-08-15T12:00:20.710Z",
    "name": "Samsung Galaxy S23 Ultra",
    "price": "160000.00",
    "stock": 1,
    "category": 13,
    "slug": "samsung-galaxy-s23-ultra",
    "is_featured": true,
    "thumbnail": "products/thumbnails/s23.webp",
    "is_header_banner": true,
    "discount": 21,
    "headline": "Escape the noise, It’s time to hear the magic with Xiaomi Earbuds.",
    "sku": "S23-Ultra",
    "tags": [
      1
    ],
    "colors": []
  }
},
{
  "model": "products.product",
  "pk": 2,
  "fields": {
    "created": "2025-08-11T18:10:46.974Z",
    "modified": "2025-08-15T21:17:07.439Z",
    "name": "Samsung Galaxy A54 5G",
    "price": "50000.00",
    "stock": 1,
    "category": 13,
    "slug": "samsung-galaxy-a54-5g",
    "is_featured": true,
    "thumbnail": "products/thumbnails/Samsung-Galaxy-A54-5G-Awesome-Graphite.jpg",
    "is_header_banner": false,
    "discount": 21,
    "headline": null,
    "sku": "SG-A54 5G",
    "tags": [
      1
    ],
    "colors": [
      1,
      2,
      3,
      4
    ]
  }
},
{
  "model": "products.product",
  "pk": 3,
  "fields": {
    "created": "2025-08-11T18:11:36.644Z",
    "modified": "2025-08-15T12:00:38.846Z",
    "name": "Samsung Galaxy Z Flip5",
    "price": "100000.00",
    "stock": 1,
    "category": 13,
    "slug": "samsung-galaxy-z-flip5",
    "is_featured": true,
    "thumbnail": "products/thumbnails/z-flip.png",
    "is_header_banner": false,
    "discount": 0,
    "headline": null,
    "sku": "SG-Z Flip5",
    "tags": [
      1
    ],
    "colors": []
  }
},
{
  "model": "products.product",
  "pk": 4,
  "fields": {
    "created": "2025-08-11T19:38:27.309Z",
    "modified": "2025-08-15T23:33:54.729Z",
    "name": "Xbox Series X",
    "price": "50000.00",
    "stock": 1,
    "category": 12,
    "slug": "xbox-series-x",
    "is_featured": true,
    "thumbnail": "products/thumbnails/banner_image_3.png",
    "is_header_banner": false,
    "discount": 15,
    "headline": "Save up to 50% on select Xbox games. Get 3 months of PC Game Pass for $2 USD.",
    "sku": "XSX",
    "tags": [
      2
    ],
    "colors": [
      1,
      2,
      3,
      4
    ]
  }
},
{
  "model": "products.product",
  "pk": 5,
  "fields": {
    "created": "2025-08-11T19:39:57.551Z",
    "modified": "2025-08-15T12:00:54.317Z",
    "name": "Xbox Series S",
    "price": "30000.00",
    "stock": 1,
    "category": 22,
    "slug": "xbox-series-s",
    "is_featured": true,
    "thumbnail": "products/thumbnails/Xbox_Series_S.webp",
    "is_header_banner": false,
    "discount": 10,
    "headline": "A compact, all-digital Xbox console offering next-gen performance at a more affordable price point.",
    "sku": "XSS",
    "tags": [
      2
    ],
    "colors": []
  }
},
{
  "model": "products.product",
  "pk": 6,
  "fields": {
    "created": "2025-08-11T19:41:18.977Z",
    "modified": "2025-08-15T12:01:01.108Z",
    "name": "Xbox Series X Halo Infinite Edition",
    "price": "60000.00",
    "stock": 1,
    "category": 22,
    "slug": "xbox-series-x-halo-infinite-edition",
    "is_featured": true,
    "thumbnail": "products/thumbnails/Xbox_Series_X_Halo_Infinite_Edition.webp",
    "is_header_banner": false,
    "discount": 5,
    "headline": "Limited edition Xbox Series X featuring Halo Infinite themed design and exclusive in-game content.",
    "sku": "XHALO",
    "tags": [
      2
    ],
    "colors": []
  }
},
{
  "model": "products.productdescription",
  "pk": 1,
  "fields": {
    "product": 2,
    "title": "Description",
    "description": "<p>The Samsung Galaxy A54 5G is a feature-rich smartphone that offers flagship-like experiences at a mid-range price. Released in March 2023, it combines a sleek design, robust performance, and versatile camera capabilities, making it an excellent choice for users seeking quality without compromise.</p><h3>📱 Stunning Display</h3><p>Enjoy vibrant visuals on the 6.4-inch FHD+ Super AMOLED display with a 120Hz refresh rate. Whether you're streaming videos, gaming, or browsing, the screen delivers smooth and crisp imagery, even under direct sunlight .</p>"
  }
},
{
  "model": "products.productdescription",
  "pk": 2,
  "fields": {
    "product": 2,
    "title": "Additional Info",
    "description": "<h3>📸 Versatile Camera System</h3><p>Capture life's moments with the 50MP main camera, complemented by a 12MP ultra-wide lens and a 5MP macro sensor. The camera setup supports 4K video recording and features Optical Image Stabilization (OIS) and Video Digital Image Stabilization (VDIS), ensuring steady and clear footage .<a href=\"https://www.thesun.co.uk/tech/34379495/samsung-galaxy-a56-5g-review-tested/?utm_source=chatgpt.com\">The Sun</a><a href=\"https://www.samsung.com/uk/smartphones/galaxy-a/galaxy-a54-5g-green-256gb-sm-a546blgdeub/?utm_source=chatgpt.com\">Samsung</a></p><h3>🔋 All-Day Battery Life</h3><p>Powered by a 5,000mAh battery, the Galaxy A54 5G offers up to two days of usage on a single charge, depending on individual usage patterns. Fast charging capabilities ensure you're back up and running quickly .<a href=\"https://www.the-sun.com/tech/11022001/walmart-slashes-450-samsung-galaxy-phone-340/?utm_source=chatgpt.com\">The Sun</a></p><h3>⚙️ Robust Performance</h3><p>Equipped with the Exynos 1380 processor and options for 6GB or 8GB RAM, the Galaxy A54 5G handles multitasking and demanding applications with ease. Paired with One UI based on Android 13, the device provides a smooth and intuitive user experience .</p><h3>🌐 5G Connectivity</h3><p>Stay connected with 5G support, ensuring fast download and upload speeds, seamless streaming, and smooth online gaming experiences.</p>"
  }
},
{
  "model": "products.productdescription",
  "pk": 3,
  "fields": {
    "product": 2,
    "title": "Specifications",
    "description": "<figure class=\"table\"><table><thead><tr><th><strong>Category</strong></th><th><strong>Specification</strong></th></tr></thead><tbody><tr><td><strong>Release Date</strong></td><td>March 24, 2023</td></tr><tr><td><strong>Operating System</strong></td><td>Android 13 with Samsung One UI</td></tr><tr><td><strong>Processor</strong></td><td>Exynos 1380 (5nm) – Octa-core (4x2.4 GHz Cortex-A78 &amp; 4x2.0 GHz Cortex-A55)</td></tr><tr><td><strong>GPU</strong></td><td>ARM Mali-G68 MP5</td></tr><tr><td><strong>RAM</strong></td><td>6GB or 8GB</td></tr><tr><td><strong>Storage Options</strong></td><td>128GB / 256GB (expandable via microSD up to 1TB)</td></tr><tr><td><strong>Display</strong></td><td>6.4\" FHD+ Super AMOLED, 120Hz refresh rate, 1000 nits peak brightness</td></tr><tr><td><strong>Front Camera</strong></td><td>32MP, f/2.2, 26mm (wide)</td></tr><tr><td><strong>Rear Cameras</strong></td><td>50MP (wide, f/1.8, OIS) + 12MP (ultra-wide, f/2.2, 123°) + 5MP (macro, f/2.4)</td></tr><tr><td><strong>Video Recording</strong></td><td>4K@30fps, 1080p@30/60fps, 720p@480fps</td></tr><tr><td><strong>Battery</strong></td><td>5000mAh, supports 25W fast charging (USB-C)</td></tr><tr><td><strong>Dimensions</strong></td><td>158.2 x 76.7 x 8.2 mm</td></tr><tr><td><strong>Weight</strong></td><td>202g</td></tr><tr><td><strong>Water Resistance</strong></td><td>IP67 (dust and water-resistant up to 1m for 30 minutes)</td></tr><tr><td><strong>Connectivity</strong></td><td>5G, Wi-Fi 6, Bluetooth 5.3, NFC, USB Type-C</td></tr><tr><td><strong>Audio</strong></td><td>Stereo speakers, Dolby Atmos support</td></tr><tr><td><strong>Security</strong></td><td>In-display fingerprint scanner, Samsung Knox</td></tr><tr><td><strong>Colors Available</strong></td><td>Awesome Graphite, Awesome White, Awesome Lime, Awesome Violet</td></tr></tbody></table></figure>"
  }
},
{
  "model": "products.attribute",
  "pk": 1,
  "fields": {
    "name": "Screen Size",
    "product": 2,
    "datatype": "str"
  }
},
{
  "model": "products.attribute",
  "pk": 2,
  "fields": {
    "name": "RAM",
    "product": 2,
    "datatype": "str"
  }
},
{
  "model": "products.attribute",
  "pk": 3,
  "fields": {
    "name": "Storage",
    "product": 2,
    "datatype": "str"
  }
},
{
  "model": "products.productattributevalue",
  "pk": 1,
  "fields": {
    "product": 2,
    "attribute": 1,
    "value": "14-inch Liquid Retina XDR display"
  }
},
{
  "model": "products.productattributevalue",
  "pk": 2,
  "fields": {
    "product": 2,
    "attribute": 1,
    "value": "16-inch Liquid Retina XDR display"
  }
},
{
  "model": "products.productattributevalue",
  "pk": 3,
  "fields": {
    "product": 2,
    "attribute": 2,
    "value": "16 GB RAM"
  }
},
{
  "model": "products.productattributevalue",
  "pk": 4,
  "fields": {
    "product": 2,
    "attribute": 3,
    "value": "512GB Storage"
  }
},
{
  "model": "products.productbanner",
  "pk": 1,
  "fields": {
    "product": 4,
    "headline": "The most powerful Xbox console with 12 teraflops of processing power, 4K gaming at 60 FPS, and an ultra-fast SSD.",
    "title": "XboX Consoles",
    "short_title": "The Best Place To Buy",
    "is_display": true
  }
},
{
  "model": "products.productbanner",
  "pk": 2,
  "fields": {
    "product": 1,
    "headline": "Unleash Next-Level Performance: Discover Samsung’s Flagship Phones",
    "title": "Home of Samsung Falgships",
    "short_title": "The Best Place To Buy",
    "is_display": true
  }
},
{
  "model": "products.badge",
  "pk": 1,
  "fields": {
    "name": "discount",
    "product": 1
  }
},
{
  "model": "products.productimage",
  "pk": 1,
  "fields": {
    "name": "Samsung Galaxy A54 5G_1",
    "product": 2,
    "image": "media/products/01.png"
  }
},
{
  "model": "products.productimage",
  "pk": 2,
  "fields": {
    "name": "Samsung Galaxy A54 5G_2",
    "product": 2,
    "image": "media/products/02.png"
  }
},
{
  "model": "products.productimage",
  "pk": 3,
  "fields": {
    "name": "Samsung Galaxy A54 5G_3",
    "product": 2,
    "image": "media/products/03.png"
  }
},
{
  "model": "products.productimage",
  "pk": 4,
  "fields": {
    "name": "Samsung Galaxy A54 5G_4",
    "product": 2,
    "image": "media/products/04.png"
  }
},
{
  "model": "products.productimage",
  "pk": 5,
  "fields": {
    "name": "Samsung Galaxy A54 5G_5",
    "product": 2,
    "image": "media/products/05.png"
  }
},
{
  "model": "products.productimage",
  "pk": 6,
  "fields": {
    "name": "Samsung Galaxy A54 5G_6",
    "product": 2,
    "image": "media/products/06.png"
  }
},
{
  "model": "products.productimage",
  "pk": 7,
  "fields": {
    "name": "Samsung Galaxy A54 5G_7",
    "product": 2,
    "image": "media/products/237-536x354.jpg"
  }
},
{
  "model": "products.productimage",
  "pk": 8,
  "fields": {
    "name": "Samsung Galaxy A54 5G_8",
    "product": 2,
    "image": "media/products/Main_Image.png"
  }
},
{
  "model": "products.productreview",
  "pk": 1,
  "fields": {
    "created": "2025-08-15T08:27:43.744Z",
    "modified": "2025-08-15T21:11:37.136Z",
    "rating": 5,
    "feedback": "Good Product",
    "review_from": 3,
    "product": 2
  }
},
{
  "model": "products.productreview",
  "pk": 2,
  "fields": {
    "created": "2025-08-15T08:27:58.621Z",
    "modified": "2025-08-15T21:11:43.036Z",
    "rating": 4,
    "feedback": "Kinda Good Product",
    "review_from": 1,
    "product": 2
  }
},
{
  "model": "products.productreview",
  "pk": 3,
  "fields": {
    "created": "2025-08-15T08:28:06.554Z",
    "modified": "2025-08-15T21:11:49.486Z",
    "rating": 3,
    "feedback": "Mid Product",
    "review_from": 3,
    "product": 2
  }
},
{
  "model": "products.productreview",
  "pk": 4,
  "fields": {
    "created": "2025-08-15T08:28:17.451Z",
    "modified": "2025-08-15T21:11:53.168Z",
    "rating": 2,
    "feedback": "Not Like this one",
    "review_from": 1,
    "product": 2
  }
},
{
  "model": "products.productreview",
  "pk": 5,
  "fields": {
    "created": "2025-08-15T08:28:26.668Z",
    "modified": "2025-08-15T21:42:03.806Z",
    "rating": 1,
    "feedback": "Lorem Ipsum is simply dummy text of the printing and typesetting industry. Lorem Ipsum has been the industry's standard dummy text ever since the 1500s, when an unknown printer took a galley of type and scrambled it to make a type specimen book. It has survived not only five centuries, but also the leap into electronic typesetting, remaining essentially unchanged. It was popularised in the 1960s with the release of Letraset sheets containing Lorem Ipsum passages, and more recently with desktop p",
    "review_from": 3,
    "product": 2
  }
},
{
  "model": "products.bestdeals",
  "pk": 1,
  "fields": {
    "created": "2025-08-11T20:35:03.919Z",
    "modified": "2025-08-11T20:35:09.592Z",
    "is_active": true,
    "end_date": "2025-08-31T00:00:00Z",
    "products": [
      1,
      2,
      3,
      4,
      5,
      6
    ]
  }
},
{
  "model": "blogs.category",
  "pk": 1,
  "fields": {
    "name": "Computer & Laptop"
  }
},
{
  "model": "blogs.category",
  "pk": 2,
  "fields": {
    "name": "Computer Accessories"
  }
},
{
  "model": "blogs.category",
  "pk": 3,
  "fields": {
    "name": "Smartphone"
  }
},
{
  "model": "blogs.category",
  "pk": 4,
  "fields": {
    "name": "Headphone"
  }
},
{
  "model": "blogs.category",
  "pk": 5,
  "fields": {
    "name": "Mobile Accessories"
  }
},
{
  "model": "blogs.category",
  "pk": 6,
  "fields": {
    "name": "Gaming Console"
  }
},
{
  "model": "blogs.category",
  "pk": 7,
  "fields": {
    "name": "Camera & Photo"
  }
},
{
  "model": "blogs.category",
  "pk": 8,
  "fields": {
    "name": "TV & Home Appliances"
  }
},
{
  "model": "blogs.category",
  "pk": 9,
  "fields": {
    "name": "Watches & Accessories"
  }
},
{
  "model": "blogs.category",
  "pk": 10,
  "fields": {
    "name": "GPS & Navigation"
  }
},
{
  "model": "blogs.category",
  "pk": 11,
  "fields": {
    "name": "Wearable Technology"
  }
},
{
  "model": "users.authuser",
  "pk": 1,
  "fields": {
    "password": "pbkdf2_sha256$1000000$HiGkHWTzmGnwhEUb0dnte2$maYjB8rUBM/IE872S57NiduWg78yr2xjjaGtGc8AZNg=",
    "last_login": "2025-08-14T19:19:58.053Z",
    "is_superuser": false,
    "username": "test",
    "first_name": "Test First",
    "last_name": "Test Last",
    "is_staff": false,
    "is_active": true,
    "date_joined": "2025-08-08T21:56:40.433Z",
    "email": "test@test.com",
    "groups": [],
    "user_permissions": []
  }
},
{
  "model": "users.authuser",
  "pk": 2,
  "fields": {
    "password": "pbkdf2_sha256$1000000$IBL0ZqBaoBz1neaPDYriJP$FLrHia9tMyAoA+q6+PfDAEZzOL0GqDe+38iyE8Om0LU=",
    "last_login": "2025-08-15T08:26:42.792Z",
    "is_superuser": true,
    "username": "",
    "first_name": "Admin First",
    "last_name": "Admin Last",
    "is_staff": true,
    "is_active": true,
    "date_joined": "2025-08-08T21:57:24.131Z",
    "email": "admin@admin.com",
    "groups": [],
    "user_permissions": []
  }
},
{
  "model": "users.authuser",
  "pk": 3,
  "fields": {
    "password": "pbkdf2_sha256$1000000$SJOcjzMLTDan6gc5AFv7CK$D866Mmv0dMwd5mgNkCOc7M/IswlHpCSqm7ccOIda7H0=",
    "last_login": null,
    "is_superuser": false,
    "username": "user",
    "first_name": "User FIrst",
    "last_name": "User Last",
    "is_staff": false,
    "is_active": true,
    "date_joined": "2025-08-11T12:10:58.568Z",
    "email": "user@test.com",
    "groups": [],
    "user_permissions": []
  }
}
]
