[{"model": "admin.logentry", "pk": 1, "fields": {"action_time": "2025-08-11T17:29:38.419Z", "user": 2, "content_type": 12, "object_id": "1", "object_repr": "Computer & Laptop", "action_flag": 1, "change_message": "[{\"added\": {}}]"}}, {"model": "admin.logentry", "pk": 2, "fields": {"action_time": "2025-08-11T17:29:48.604Z", "user": 2, "content_type": 12, "object_id": "2", "object_repr": "Computer Accessories", "action_flag": 1, "change_message": "[{\"added\": {}}]"}}, {"model": "admin.logentry", "pk": 3, "fields": {"action_time": "2025-08-11T17:29:57.729Z", "user": 2, "content_type": 12, "object_id": "3", "object_repr": "Smartphone", "action_flag": 1, "change_message": "[{\"added\": {}}]"}}, {"model": "admin.logentry", "pk": 4, "fields": {"action_time": "2025-08-11T17:30:04.027Z", "user": 2, "content_type": 12, "object_id": "4", "object_repr": "Headphone", "action_flag": 1, "change_message": "[{\"added\": {}}]"}}, {"model": "admin.logentry", "pk": 5, "fields": {"action_time": "2025-08-11T17:30:11.346Z", "user": 2, "content_type": 12, "object_id": "5", "object_repr": "Mobile Accessories", "action_flag": 1, "change_message": "[{\"added\": {}}]"}}, {"model": "admin.logentry", "pk": 6, "fields": {"action_time": "2025-08-11T17:30:18.711Z", "user": 2, "content_type": 12, "object_id": "6", "object_repr": "Gaming Console", "action_flag": 1, "change_message": "[{\"added\": {}}]"}}, {"model": "admin.logentry", "pk": 7, "fields": {"action_time": "2025-08-11T17:30:25.881Z", "user": 2, "content_type": 12, "object_id": "7", "object_repr": "Camera & Photo", "action_flag": 1, "change_message": "[{\"added\": {}}]"}}, {"model": "admin.logentry", "pk": 8, "fields": {"action_time": "2025-08-11T17:30:34.979Z", "user": 2, "content_type": 12, "object_id": "8", "object_repr": "TV & Home Appliances", "action_flag": 1, "change_message": "[{\"added\": {}}]"}}, {"model": "admin.logentry", "pk": 9, "fields": {"action_time": "2025-08-11T17:30:43.902Z", "user": 2, "content_type": 12, "object_id": "9", "object_repr": "Watches & Accessories", "action_flag": 1, "change_message": "[{\"added\": {}}]"}}, {"model": "admin.logentry", "pk": 10, "fields": {"action_time": "2025-08-11T17:30:52.528Z", "user": 2, "content_type": 12, "object_id": "10", "object_repr": "GPS & Navigation", "action_flag": 1, "change_message": "[{\"added\": {}}]"}}, {"model": "admin.logentry", "pk": 11, "fields": {"action_time": "2025-08-11T17:31:00.342Z", "user": 2, "content_type": 12, "object_id": "11", "object_repr": "Wearable Technology", "action_flag": 1, "change_message": "[{\"added\": {}}]"}}, {"model": "admin.logentry", "pk": 12, "fields": {"action_time": "2025-08-11T17:37:15.085Z", "user": 2, "content_type": 8, "object_id": "1", "object_repr": "Computer & Laptop", "action_flag": 1, "change_message": "[{\"added\": {}}]"}}, {"model": "admin.logentry", "pk": 13, "fields": {"action_time": "2025-08-11T17:37:28.205Z", "user": 2, "content_type": 8, "object_id": "2", "object_repr": "Computer Accessories", "action_flag": 1, "change_message": "[{\"added\": {}}]"}}, {"model": "admin.logentry", "pk": 14, "fields": {"action_time": "2025-08-11T17:37:31.750Z", "user": 2, "content_type": 8, "object_id": "3", "object_repr": "Smartphone", "action_flag": 1, "change_message": "[{\"added\": {}}]"}}, {"model": "admin.logentry", "pk": 15, "fields": {"action_time": "2025-08-11T17:37:35.382Z", "user": 2, "content_type": 8, "object_id": "4", "object_repr": "Headphone", "action_flag": 1, "change_message": "[{\"added\": {}}]"}}, {"model": "admin.logentry", "pk": 16, "fields": {"action_time": "2025-08-11T17:37:39.289Z", "user": 2, "content_type": 8, "object_id": "5", "object_repr": "Mobile Accessories", "action_flag": 1, "change_message": "[{\"added\": {}}]"}}, {"model": "admin.logentry", "pk": 17, "fields": {"action_time": "2025-08-11T17:37:43.013Z", "user": 2, "content_type": 8, "object_id": "6", "object_repr": "Gaming Console", "action_flag": 1, "change_message": "[{\"added\": {}}]"}}, {"model": "admin.logentry", "pk": 18, "fields": {"action_time": "2025-08-11T17:37:46.528Z", "user": 2, "content_type": 8, "object_id": "7", "object_repr": "Camera & Photo", "action_flag": 1, "change_message": "[{\"added\": {}}]"}}, {"model": "admin.logentry", "pk": 19, "fields": {"action_time": "2025-08-11T17:37:50.181Z", "user": 2, "content_type": 8, "object_id": "8", "object_repr": "TV & Home Appliances", "action_flag": 1, "change_message": "[{\"added\": {}}]"}}, {"model": "admin.logentry", "pk": 20, "fields": {"action_time": "2025-08-11T17:37:53.384Z", "user": 2, "content_type": 8, "object_id": "9", "object_repr": "Watches & Accessories", "action_flag": 1, "change_message": "[{\"added\": {}}]"}}, {"model": "admin.logentry", "pk": 21, "fields": {"action_time": "2025-08-11T17:37:56.724Z", "user": 2, "content_type": 8, "object_id": "10", "object_repr": "GPS & Navigation", "action_flag": 1, "change_message": "[{\"added\": {}}]"}}, {"model": "admin.logentry", "pk": 22, "fields": {"action_time": "2025-08-11T17:37:59.684Z", "user": 2, "content_type": 8, "object_id": "11", "object_repr": "Wearable Technology", "action_flag": 1, "change_message": "[{\"added\": {}}]"}}, {"model": "admin.logentry", "pk": 23, "fields": {"action_time": "2025-08-11T17:43:05.809Z", "user": 2, "content_type": 8, "object_id": "12", "object_repr": "Iphone", "action_flag": 1, "change_message": "[{\"added\": {}}]"}}, {"model": "admin.logentry", "pk": 24, "fields": {"action_time": "2025-08-11T17:43:15.021Z", "user": 2, "content_type": 8, "object_id": "13", "object_repr": "Samsung", "action_flag": 1, "change_message": "[{\"added\": {}}]"}}, {"model": "admin.logentry", "pk": 25, "fields": {"action_time": "2025-08-11T17:43:25.801Z", "user": 2, "content_type": 8, "object_id": "14", "object_repr": "Realme", "action_flag": 1, "change_message": "[{\"added\": {}}]"}}, {"model": "admin.logentry", "pk": 26, "fields": {"action_time": "2025-08-11T17:43:38.562Z", "user": 2, "content_type": 8, "object_id": "15", "object_repr": "Xiaomi", "action_flag": 1, "change_message": "[{\"added\": {}}]"}}, {"model": "admin.logentry", "pk": 27, "fields": {"action_time": "2025-08-11T17:43:45.625Z", "user": 2, "content_type": 8, "object_id": "16", "object_repr": "Oppo", "action_flag": 1, "change_message": "[{\"added\": {}}]"}}, {"model": "admin.logentry", "pk": 28, "fields": {"action_time": "2025-08-11T17:43:52.525Z", "user": 2, "content_type": 8, "object_id": "17", "object_repr": "Vivo", "action_flag": 1, "change_message": "[{\"added\": {}}]"}}, {"model": "admin.logentry", "pk": 29, "fields": {"action_time": "2025-08-11T17:43:59.684Z", "user": 2, "content_type": 8, "object_id": "18", "object_repr": "OnePlus", "action_flag": 1, "change_message": "[{\"added\": {}}]"}}, {"model": "admin.logentry", "pk": 30, "fields": {"action_time": "2025-08-11T17:44:06.467Z", "user": 2, "content_type": 8, "object_id": "19", "object_repr": "Huawei", "action_flag": 1, "change_message": "[{\"added\": {}}]"}}, {"model": "admin.logentry", "pk": 31, "fields": {"action_time": "2025-08-11T17:44:13.289Z", "user": 2, "content_type": 8, "object_id": "20", "object_repr": "Infinix", "action_flag": 1, "change_message": "[{\"added\": {}}]"}}, {"model": "admin.logentry", "pk": 32, "fields": {"action_time": "2025-08-11T17:44:19.101Z", "user": 2, "content_type": 8, "object_id": "21", "object_repr": "Tecno", "action_flag": 1, "change_message": "[{\"added\": {}}]"}}, {"model": "admin.logentry", "pk": 33, "fields": {"action_time": "2025-08-11T18:09:21.262Z", "user": 2, "content_type": 18, "object_id": "1", "object_repr": "Samsung", "action_flag": 1, "change_message": "[{\"added\": {}}]"}}, {"model": "admin.logentry", "pk": 34, "fields": {"action_time": "2025-08-11T18:09:44.919Z", "user": 2, "content_type": 9, "object_id": "1", "object_repr": "Samsung Galaxy S23 Ultra", "action_flag": 1, "change_message": "[{\"added\": {}}]"}}, {"model": "admin.logentry", "pk": 35, "fields": {"action_time": "2025-08-11T18:10:47.270Z", "user": 2, "content_type": 9, "object_id": "2", "object_repr": "Samsung Galaxy A54 5G", "action_flag": 1, "change_message": "[{\"added\": {}}]"}}, {"model": "admin.logentry", "pk": 36, "fields": {"action_time": "2025-08-11T18:11:36.947Z", "user": 2, "content_type": 9, "object_id": "3", "object_repr": "Samsung Galaxy Z Flip5", "action_flag": 1, "change_message": "[{\"added\": {}}]"}}, {"model": "admin.logentry", "pk": 37, "fields": {"action_time": "2025-08-11T18:36:09.181Z", "user": 2, "content_type": 9, "object_id": "1", "object_repr": "Samsung Galaxy S23 Ultra", "action_flag": 2, "change_message": "[]"}}, {"model": "admin.logentry", "pk": 38, "fields": {"action_time": "2025-08-11T18:36:13.727Z", "user": 2, "content_type": 9, "object_id": "1", "object_repr": "Samsung Galaxy S23 Ultra", "action_flag": 2, "change_message": "[{\"changed\": {\"fields\": [\"Is header banner\"]}}]"}}, {"model": "admin.logentry", "pk": 39, "fields": {"action_time": "2025-08-11T18:48:39.752Z", "user": 2, "content_type": 19, "object_id": "1", "object_repr": "Samsung Galaxy S23 Ultra_discount", "action_flag": 1, "change_message": "[{\"added\": {}}]"}}, {"model": "admin.logentry", "pk": 40, "fields": {"action_time": "2025-08-11T18:50:23.996Z", "user": 2, "content_type": 9, "object_id": "1", "object_repr": "Samsung Galaxy S23 Ultra", "action_flag": 2, "change_message": "[{\"changed\": {\"fields\": [\"Discount\"]}}]"}}, {"model": "admin.logentry", "pk": 41, "fields": {"action_time": "2025-08-11T19:03:23.764Z", "user": 2, "content_type": 9, "object_id": "1", "object_repr": "Samsung Galaxy S23 Ultra", "action_flag": 2, "change_message": "[{\"changed\": {\"fields\": [\"Headline\"]}}]"}}, {"model": "admin.logentry", "pk": 42, "fields": {"action_time": "2025-08-11T19:37:12.229Z", "user": 2, "content_type": 18, "object_id": "2", "object_repr": "Gaming", "action_flag": 1, "change_message": "[{\"added\": {}}]"}}, {"model": "admin.logentry", "pk": 43, "fields": {"action_time": "2025-08-11T19:38:27.316Z", "user": 2, "content_type": 9, "object_id": "4", "object_repr": "Xbox Series X", "action_flag": 1, "change_message": "[{\"added\": {}}]"}}, {"model": "admin.logentry", "pk": 44, "fields": {"action_time": "2025-08-11T19:39:57.852Z", "user": 2, "content_type": 9, "object_id": "5", "object_repr": "Xbox Series S", "action_flag": 1, "change_message": "[{\"added\": {}}]"}}, {"model": "admin.logentry", "pk": 45, "fields": {"action_time": "2025-08-11T19:41:18.983Z", "user": 2, "content_type": 9, "object_id": "6", "object_repr": "Xbox Series X Halo Infinite Edition", "action_flag": 1, "change_message": "[{\"added\": {}}]"}}, {"model": "admin.logentry", "pk": 46, "fields": {"action_time": "2025-08-11T19:42:15.691Z", "user": 2, "content_type": 8, "object_id": "22", "object_repr": "XboX", "action_flag": 1, "change_message": "[{\"added\": {}}]"}}, {"model": "admin.logentry", "pk": 47, "fields": {"action_time": "2025-08-11T19:42:50.280Z", "user": 2, "content_type": 9, "object_id": "4", "object_repr": "Xbox Series X", "action_flag": 2, "change_message": "[{\"changed\": {\"fields\": [\"Category\"]}}]"}}, {"model": "admin.logentry", "pk": 48, "fields": {"action_time": "2025-08-11T19:42:59.149Z", "user": 2, "content_type": 9, "object_id": "5", "object_repr": "Xbox Series S", "action_flag": 2, "change_message": "[{\"changed\": {\"fields\": [\"Category\"]}}]"}}, {"model": "admin.logentry", "pk": 49, "fields": {"action_time": "2025-08-11T19:43:05.697Z", "user": 2, "content_type": 9, "object_id": "6", "object_repr": "Xbox Series X Halo Infinite Edition", "action_flag": 2, "change_message": "[{\"changed\": {\"fields\": [\"Category\"]}}]"}}, {"model": "admin.logentry", "pk": 50, "fields": {"action_time": "2025-08-11T19:49:54.180Z", "user": 2, "content_type": 22, "object_id": "1", "object_repr": "Xbox Series X_Banner", "action_flag": 1, "change_message": "[{\"added\": {}}]"}}, {"model": "admin.logentry", "pk": 51, "fields": {"action_time": "2025-08-11T19:51:00.644Z", "user": 2, "content_type": 22, "object_id": "2", "object_repr": "Samsung Galaxy S23 Ultra_Banner", "action_flag": 1, "change_message": "[{\"added\": {}}]"}}, {"model": "admin.logentry", "pk": 52, "fields": {"action_time": "2025-08-11T20:07:43.455Z", "user": 2, "content_type": 8, "object_id": "1", "object_repr": "Computer & Laptop", "action_flag": 2, "change_message": "[{\"changed\": {\"fields\": [\"Image\"]}}]"}}, {"model": "admin.logentry", "pk": 53, "fields": {"action_time": "2025-08-11T20:08:21.707Z", "user": 2, "content_type": 8, "object_id": "3", "object_repr": "Smartphone", "action_flag": 2, "change_message": "[{\"changed\": {\"fields\": [\"Image\"]}}]"}}, {"model": "admin.logentry", "pk": 54, "fields": {"action_time": "2025-08-11T20:08:53.829Z", "user": 2, "content_type": 8, "object_id": "4", "object_repr": "Headphone", "action_flag": 2, "change_message": "[{\"changed\": {\"fields\": [\"Image\"]}}]"}}, {"model": "admin.logentry", "pk": 55, "fields": {"action_time": "2025-08-11T20:09:34.283Z", "user": 2, "content_type": 8, "object_id": "2", "object_repr": "Computer Accessories", "action_flag": 2, "change_message": "[{\"changed\": {\"fields\": [\"Image\"]}}]"}}, {"model": "admin.logentry", "pk": 56, "fields": {"action_time": "2025-08-11T20:09:58.498Z", "user": 2, "content_type": 8, "object_id": "7", "object_repr": "Camera & Photo", "action_flag": 2, "change_message": "[{\"changed\": {\"fields\": [\"Image\"]}}]"}}, {"model": "admin.logentry", "pk": 57, "fields": {"action_time": "2025-08-11T20:10:26.216Z", "user": 2, "content_type": 8, "object_id": "8", "object_repr": "TV & Home Appliances", "action_flag": 2, "change_message": "[{\"changed\": {\"fields\": [\"Image\"]}}]"}}, {"model": "admin.logentry", "pk": 58, "fields": {"action_time": "2025-08-11T20:35:03.924Z", "user": 2, "content_type": 23, "object_id": "1", "object_repr": "Best Deals_2025-08-11 20:35:03.919836+00:00_True", "action_flag": 1, "change_message": "[{\"added\": {}}]"}}, {"model": "admin.logentry", "pk": 59, "fields": {"action_time": "2025-08-11T20:35:09.595Z", "user": 2, "content_type": 23, "object_id": "1", "object_repr": "Best Deals_2025-08-11 20:35:03.919836+00:00_True", "action_flag": 2, "change_message": "[]"}}, {"model": "admin.logentry", "pk": 60, "fields": {"action_time": "2025-08-12T08:39:51.529Z", "user": 2, "content_type": 16, "object_id": "1", "object_repr": "test@test.com", "action_flag": 2, "change_message": "[{\"changed\": {\"fields\": [\"password\"]}}]"}}, {"model": "admin.logentry", "pk": 61, "fields": {"action_time": "2025-08-15T08:27:43.749Z", "user": 2, "content_type": 21, "object_id": "1", "object_repr": "Samsung Galaxy A54 5G_5", "action_flag": 1, "change_message": "[{\"added\": {}}]"}}, {"model": "admin.logentry", "pk": 62, "fields": {"action_time": "2025-08-15T08:27:58.622Z", "user": 2, "content_type": 21, "object_id": "2", "object_repr": "Samsung Galaxy A54 5G_4", "action_flag": 1, "change_message": "[{\"added\": {}}]"}}, {"model": "admin.logentry", "pk": 63, "fields": {"action_time": "2025-08-15T08:28:06.555Z", "user": 2, "content_type": 21, "object_id": "3", "object_repr": "Samsung Galaxy A54 5G_3", "action_flag": 1, "change_message": "[{\"added\": {}}]"}}, {"model": "admin.logentry", "pk": 64, "fields": {"action_time": "2025-08-15T08:28:17.451Z", "user": 2, "content_type": 21, "object_id": "4", "object_repr": "Samsung Galaxy A54 5G_2", "action_flag": 1, "change_message": "[{\"added\": {}}]"}}, {"model": "admin.logentry", "pk": 65, "fields": {"action_time": "2025-08-15T08:28:26.669Z", "user": 2, "content_type": 21, "object_id": "5", "object_repr": "Samsung Galaxy A54 5G_1", "action_flag": 1, "change_message": "[{\"added\": {}}]"}}, {"model": "admin.logentry", "pk": 66, "fields": {"action_time": "2025-08-15T09:12:26.970Z", "user": 2, "content_type": 9, "object_id": "2", "object_repr": "Samsung Galaxy A54 5G", "action_flag": 2, "change_message": "[{\"added\": {\"name\": \"product image\", \"object\": \"Samsung Galaxy A54 5G_1\"}}, {\"added\": {\"name\": \"product image\", \"object\": \"Samsung Galaxy A54 5G_2\"}}, {\"added\": {\"name\": \"product image\", \"object\": \"Samsung Galaxy A54 5G_3\"}}, {\"added\": {\"name\": \"product image\", \"object\": \"Samsung Galaxy A54 5G_4\"}}, {\"added\": {\"name\": \"product image\", \"object\": \"Samsung Galaxy A54 5G_5\"}}, {\"added\": {\"name\": \"product image\", \"object\": \"Samsung Galaxy A54 5G_6\"}}]"}}, {"model": "admin.logentry", "pk": 67, "fields": {"action_time": "2025-08-15T10:21:44.900Z", "user": 2, "content_type": 9, "object_id": "2", "object_repr": "Samsung Galaxy A54 5G", "action_flag": 2, "change_message": "[{\"added\": {\"name\": \"product image\", \"object\": \"Samsung Galaxy A54 5G_7\"}}]"}}, {"model": "admin.logentry", "pk": 68, "fields": {"action_time": "2025-08-15T10:47:18.444Z", "user": 2, "content_type": 9, "object_id": "2", "object_repr": "Samsung Galaxy A54 5G", "action_flag": 2, "change_message": "[{\"added\": {\"name\": \"product image\", \"object\": \"Samsung Galaxy A54 5G_8\"}}]"}}, {"model": "admin.logentry", "pk": 69, "fields": {"action_time": "2025-08-15T12:00:20.715Z", "user": 2, "content_type": 9, "object_id": "1", "object_repr": "Samsung Galaxy S23 Ultra", "action_flag": 2, "change_message": "[{\"changed\": {\"fields\": [\"Sku\"]}}]"}}, {"model": "admin.logentry", "pk": 70, "fields": {"action_time": "2025-08-15T12:00:29.782Z", "user": 2, "content_type": 9, "object_id": "2", "object_repr": "Samsung Galaxy A54 5G", "action_flag": 2, "change_message": "[{\"changed\": {\"fields\": [\"Sku\"]}}]"}}, {"model": "admin.logentry", "pk": 71, "fields": {"action_time": "2025-08-15T12:00:38.852Z", "user": 2, "content_type": 9, "object_id": "3", "object_repr": "Samsung Galaxy Z Flip5", "action_flag": 2, "change_message": "[{\"changed\": {\"fields\": [\"Sku\"]}}]"}}, {"model": "admin.logentry", "pk": 72, "fields": {"action_time": "2025-08-15T12:00:47.543Z", "user": 2, "content_type": 9, "object_id": "4", "object_repr": "Xbox Series X", "action_flag": 2, "change_message": "[{\"changed\": {\"fields\": [\"Sku\"]}}]"}}, {"model": "admin.logentry", "pk": 73, "fields": {"action_time": "2025-08-15T12:00:47.676Z", "user": 2, "content_type": 9, "object_id": "4", "object_repr": "Xbox Series X", "action_flag": 2, "change_message": "[]"}}, {"model": "admin.logentry", "pk": 74, "fields": {"action_time": "2025-08-15T12:00:54.321Z", "user": 2, "content_type": 9, "object_id": "5", "object_repr": "Xbox Series S", "action_flag": 2, "change_message": "[{\"changed\": {\"fields\": [\"Sku\"]}}]"}}, {"model": "admin.logentry", "pk": 75, "fields": {"action_time": "2025-08-15T12:01:01.111Z", "user": 2, "content_type": 9, "object_id": "6", "object_repr": "Xbox Series X Halo Infinite Edition", "action_flag": 2, "change_message": "[{\"changed\": {\"fields\": [\"Sku\"]}}]"}}, {"model": "admin.logentry", "pk": 76, "fields": {"action_time": "2025-08-15T12:01:25.031Z", "user": 2, "content_type": 8, "object_id": "11", "object_repr": "Wearable Technology", "action_flag": 2, "change_message": "[{\"changed\": {\"fields\": [\"Short identifier\"]}}]"}}, {"model": "admin.logentry", "pk": 77, "fields": {"action_time": "2025-08-15T12:01:30.040Z", "user": 2, "content_type": 8, "object_id": "11", "object_repr": "Wearable Technology", "action_flag": 2, "change_message": "[{\"changed\": {\"fields\": [\"Short identifier\"]}}]"}}, {"model": "admin.logentry", "pk": 78, "fields": {"action_time": "2025-08-15T12:13:18.687Z", "user": 2, "content_type": 26, "object_id": "1", "object_repr": "Red", "action_flag": 1, "change_message": "[{\"added\": {}}]"}}, {"model": "admin.logentry", "pk": 79, "fields": {"action_time": "2025-08-15T12:13:58.276Z", "user": 2, "content_type": 26, "object_id": "2", "object_repr": "Green", "action_flag": 1, "change_message": "[{\"added\": {}}]"}}, {"model": "admin.logentry", "pk": 80, "fields": {"action_time": "2025-08-15T12:14:26.598Z", "user": 2, "content_type": 26, "object_id": "3", "object_repr": "Light Blue", "action_flag": 1, "change_message": "[{\"added\": {}}]"}}, {"model": "admin.logentry", "pk": 81, "fields": {"action_time": "2025-08-15T12:14:55.463Z", "user": 2, "content_type": 26, "object_id": "4", "object_repr": "Black", "action_flag": 1, "change_message": "[{\"added\": {}}]"}}, {"model": "admin.logentry", "pk": 82, "fields": {"action_time": "2025-08-15T12:15:13.758Z", "user": 2, "content_type": 9, "object_id": "2", "object_repr": "Samsung Galaxy A54 5G", "action_flag": 2, "change_message": "[{\"changed\": {\"fields\": [\"Colors\"]}}]"}}, {"model": "admin.logentry", "pk": 83, "fields": {"action_time": "2025-08-15T12:17:34.750Z", "user": 2, "content_type": 9, "object_id": "2", "object_repr": "Samsung Galaxy A54 5G", "action_flag": 2, "change_message": "[{\"added\": {\"name\": \"attribute\", \"object\": \"Attribute object (1)\"}}, {\"added\": {\"name\": \"attribute\", \"object\": \"Attribute object (2)\"}}, {\"added\": {\"name\": \"attribute\", \"object\": \"Attribute object (3)\"}}]"}}, {"model": "admin.logentry", "pk": 84, "fields": {"action_time": "2025-08-15T16:09:41.237Z", "user": 2, "content_type": 9, "object_id": "2", "object_repr": "Samsung Galaxy A54 5G", "action_flag": 2, "change_message": "[{\"changed\": {\"fields\": [\"Discount\"]}}]"}}, {"model": "admin.logentry", "pk": 85, "fields": {"action_time": "2025-08-15T16:57:50.052Z", "user": 2, "content_type": 25, "object_id": "1", "object_repr": "ProductAttributeValue object (1)", "action_flag": 1, "change_message": "[{\"added\": {}}]"}}, {"model": "admin.logentry", "pk": 86, "fields": {"action_time": "2025-08-15T16:57:59.095Z", "user": 2, "content_type": 25, "object_id": "2", "object_repr": "ProductAttributeValue object (2)", "action_flag": 1, "change_message": "[{\"added\": {}}]"}}, {"model": "admin.logentry", "pk": 87, "fields": {"action_time": "2025-08-15T17:52:26.224Z", "user": 2, "content_type": 9, "object_id": "2", "object_repr": "Samsung Galaxy A54 5G", "action_flag": 2, "change_message": "[{\"changed\": {\"name\": \"attribute\", \"object\": \"Storage\", \"fields\": [\"Name\"]}}]"}}, {"model": "admin.logentry", "pk": 88, "fields": {"action_time": "2025-08-15T20:37:25.004Z", "user": 2, "content_type": 9, "object_id": "2", "object_repr": "Samsung Galaxy A54 5G", "action_flag": 2, "change_message": "[{\"changed\": {\"fields\": [\"Description\"]}}]"}}, {"model": "admin.logentry", "pk": 89, "fields": {"action_time": "2025-08-15T20:45:59.138Z", "user": 2, "content_type": 9, "object_id": "2", "object_repr": "Samsung Galaxy A54 5G", "action_flag": 2, "change_message": "[{\"added\": {\"name\": \"product description\", \"object\": \"Samsung Galaxy A54 5G_Description\"}}, {\"added\": {\"name\": \"product description\", \"object\": \"Samsung Galaxy A54 5G_Additional Info\"}}, {\"added\": {\"name\": \"product description\", \"object\": \"Samsung Galaxy A54 5G_Specifications\"}}]"}}, {"model": "admin.logentry", "pk": 90, "fields": {"action_time": "2025-08-15T21:11:37.137Z", "user": 2, "content_type": 21, "object_id": "1", "object_repr": "Samsung Galaxy A54 5G_5", "action_flag": 2, "change_message": "[{\"changed\": {\"fields\": [\"Review from\"]}}]"}}, {"model": "admin.logentry", "pk": 91, "fields": {"action_time": "2025-08-15T21:11:43.037Z", "user": 2, "content_type": 21, "object_id": "2", "object_repr": "Samsung Galaxy A54 5G_4", "action_flag": 2, "change_message": "[{\"changed\": {\"fields\": [\"Review from\"]}}]"}}, {"model": "admin.logentry", "pk": 92, "fields": {"action_time": "2025-08-15T21:11:49.487Z", "user": 2, "content_type": 21, "object_id": "3", "object_repr": "Samsung Galaxy A54 5G_3", "action_flag": 2, "change_message": "[{\"changed\": {\"fields\": [\"Review from\"]}}]"}}, {"model": "admin.logentry", "pk": 93, "fields": {"action_time": "2025-08-15T21:11:53.169Z", "user": 2, "content_type": 21, "object_id": "4", "object_repr": "Samsung Galaxy A54 5G_2", "action_flag": 2, "change_message": "[{\"changed\": {\"fields\": [\"Review from\"]}}]"}}, {"model": "admin.logentry", "pk": 94, "fields": {"action_time": "2025-08-15T21:11:56.966Z", "user": 2, "content_type": 21, "object_id": "5", "object_repr": "Samsung Galaxy A54 5G_1", "action_flag": 2, "change_message": "[{\"changed\": {\"fields\": [\"Review from\"]}}]"}}, {"model": "admin.logentry", "pk": 95, "fields": {"action_time": "2025-08-15T21:17:07.443Z", "user": 2, "content_type": 9, "object_id": "2", "object_repr": "Samsung Galaxy A54 5G", "action_flag": 2, "change_message": "[]"}}, {"model": "admin.logentry", "pk": 96, "fields": {"action_time": "2025-08-15T21:42:03.807Z", "user": 2, "content_type": 21, "object_id": "5", "object_repr": "Samsung Galaxy A54 5G_1", "action_flag": 2, "change_message": "[{\"changed\": {\"fields\": [\"Feedback\"]}}]"}}, {"model": "admin.logentry", "pk": 97, "fields": {"action_time": "2025-08-15T23:33:54.735Z", "user": 2, "content_type": 9, "object_id": "4", "object_repr": "Xbox Series X", "action_flag": 2, "change_message": "[{\"changed\": {\"fields\": [\"Category\", \"Colors\"]}}]"}}, {"model": "admin.logentry", "pk": 98, "fields": {"action_time": "2025-08-16T00:46:05.049Z", "user": 2, "content_type": 25, "object_id": "3", "object_repr": "RAM-Samsung Galaxy A54 5G-3", "action_flag": 1, "change_message": "[{\"added\": {}}]"}}, {"model": "admin.logentry", "pk": 99, "fields": {"action_time": "2025-08-16T00:46:17.311Z", "user": 2, "content_type": 25, "object_id": "4", "object_repr": "Storage-Samsung Galaxy A54 5G-4", "action_flag": 1, "change_message": "[{\"added\": {}}]"}}, {"model": "auth.permission", "pk": 1, "fields": {"name": "Can add log entry", "content_type": 1, "codename": "add_logentry"}}, {"model": "auth.permission", "pk": 2, "fields": {"name": "Can change log entry", "content_type": 1, "codename": "change_logentry"}}, {"model": "auth.permission", "pk": 3, "fields": {"name": "Can delete log entry", "content_type": 1, "codename": "delete_logentry"}}, {"model": "auth.permission", "pk": 4, "fields": {"name": "Can view log entry", "content_type": 1, "codename": "view_logentry"}}, {"model": "auth.permission", "pk": 5, "fields": {"name": "Can add permission", "content_type": 2, "codename": "add_permission"}}, {"model": "auth.permission", "pk": 6, "fields": {"name": "Can change permission", "content_type": 2, "codename": "change_permission"}}, {"model": "auth.permission", "pk": 7, "fields": {"name": "Can delete permission", "content_type": 2, "codename": "delete_permission"}}, {"model": "auth.permission", "pk": 8, "fields": {"name": "Can view permission", "content_type": 2, "codename": "view_permission"}}, {"model": "auth.permission", "pk": 9, "fields": {"name": "Can add group", "content_type": 3, "codename": "add_group"}}, {"model": "auth.permission", "pk": 10, "fields": {"name": "Can change group", "content_type": 3, "codename": "change_group"}}, {"model": "auth.permission", "pk": 11, "fields": {"name": "Can delete group", "content_type": 3, "codename": "delete_group"}}, {"model": "auth.permission", "pk": 12, "fields": {"name": "Can view group", "content_type": 3, "codename": "view_group"}}, {"model": "auth.permission", "pk": 13, "fields": {"name": "Can add content type", "content_type": 4, "codename": "add_contenttype"}}, {"model": "auth.permission", "pk": 14, "fields": {"name": "Can change content type", "content_type": 4, "codename": "change_contenttype"}}, {"model": "auth.permission", "pk": 15, "fields": {"name": "Can delete content type", "content_type": 4, "codename": "delete_contenttype"}}, {"model": "auth.permission", "pk": 16, "fields": {"name": "Can view content type", "content_type": 4, "codename": "view_contenttype"}}, {"model": "auth.permission", "pk": 17, "fields": {"name": "Can add session", "content_type": 5, "codename": "add_session"}}, {"model": "auth.permission", "pk": 18, "fields": {"name": "Can change session", "content_type": 5, "codename": "change_session"}}, {"model": "auth.permission", "pk": 19, "fields": {"name": "Can delete session", "content_type": 5, "codename": "delete_session"}}, {"model": "auth.permission", "pk": 20, "fields": {"name": "Can view session", "content_type": 5, "codename": "view_session"}}, {"model": "auth.permission", "pk": 21, "fields": {"name": "Can add email address", "content_type": 6, "codename": "add_emailaddress"}}, {"model": "auth.permission", "pk": 22, "fields": {"name": "Can change email address", "content_type": 6, "codename": "change_emailaddress"}}, {"model": "auth.permission", "pk": 23, "fields": {"name": "Can delete email address", "content_type": 6, "codename": "delete_emailaddress"}}, {"model": "auth.permission", "pk": 24, "fields": {"name": "Can view email address", "content_type": 6, "codename": "view_emailaddress"}}, {"model": "auth.permission", "pk": 25, "fields": {"name": "Can add email confirmation", "content_type": 7, "codename": "add_emailconfirmation"}}, {"model": "auth.permission", "pk": 26, "fields": {"name": "Can change email confirmation", "content_type": 7, "codename": "change_emailconfirmation"}}, {"model": "auth.permission", "pk": 27, "fields": {"name": "Can delete email confirmation", "content_type": 7, "codename": "delete_emailconfirmation"}}, {"model": "auth.permission", "pk": 28, "fields": {"name": "Can view email confirmation", "content_type": 7, "codename": "view_emailconfirmation"}}, {"model": "auth.permission", "pk": 29, "fields": {"name": "Can add category", "content_type": 8, "codename": "add_category"}}, {"model": "auth.permission", "pk": 30, "fields": {"name": "Can change category", "content_type": 8, "codename": "change_category"}}, {"model": "auth.permission", "pk": 31, "fields": {"name": "Can delete category", "content_type": 8, "codename": "delete_category"}}, {"model": "auth.permission", "pk": 32, "fields": {"name": "Can view category", "content_type": 8, "codename": "view_category"}}, {"model": "auth.permission", "pk": 33, "fields": {"name": "Can add product", "content_type": 9, "codename": "add_product"}}, {"model": "auth.permission", "pk": 34, "fields": {"name": "Can change product", "content_type": 9, "codename": "change_product"}}, {"model": "auth.permission", "pk": 35, "fields": {"name": "Can delete product", "content_type": 9, "codename": "delete_product"}}, {"model": "auth.permission", "pk": 36, "fields": {"name": "Can view product", "content_type": 9, "codename": "view_product"}}, {"model": "auth.permission", "pk": 37, "fields": {"name": "Can add category", "content_type": 10, "codename": "add_category"}}, {"model": "auth.permission", "pk": 38, "fields": {"name": "Can change category", "content_type": 10, "codename": "change_category"}}, {"model": "auth.permission", "pk": 39, "fields": {"name": "Can delete category", "content_type": 10, "codename": "delete_category"}}, {"model": "auth.permission", "pk": 40, "fields": {"name": "Can view category", "content_type": 10, "codename": "view_category"}}, {"model": "auth.permission", "pk": 41, "fields": {"name": "Can add order", "content_type": 11, "codename": "add_order"}}, {"model": "auth.permission", "pk": 42, "fields": {"name": "Can change order", "content_type": 11, "codename": "change_order"}}, {"model": "auth.permission", "pk": 43, "fields": {"name": "Can delete order", "content_type": 11, "codename": "delete_order"}}, {"model": "auth.permission", "pk": 44, "fields": {"name": "Can view order", "content_type": 11, "codename": "view_order"}}, {"model": "auth.permission", "pk": 45, "fields": {"name": "Can add category", "content_type": 12, "codename": "add_category"}}, {"model": "auth.permission", "pk": 46, "fields": {"name": "Can change category", "content_type": 12, "codename": "change_category"}}, {"model": "auth.permission", "pk": 47, "fields": {"name": "Can delete category", "content_type": 12, "codename": "delete_category"}}, {"model": "auth.permission", "pk": 48, "fields": {"name": "Can view category", "content_type": 12, "codename": "view_category"}}, {"model": "auth.permission", "pk": 49, "fields": {"name": "Can add blog", "content_type": 13, "codename": "add_blog"}}, {"model": "auth.permission", "pk": 50, "fields": {"name": "Can change blog", "content_type": 13, "codename": "change_blog"}}, {"model": "auth.permission", "pk": 51, "fields": {"name": "Can delete blog", "content_type": 13, "codename": "delete_blog"}}, {"model": "auth.permission", "pk": 52, "fields": {"name": "Can view blog", "content_type": 13, "codename": "view_blog"}}, {"model": "auth.permission", "pk": 53, "fields": {"name": "Can add page", "content_type": 14, "codename": "add_page"}}, {"model": "auth.permission", "pk": 54, "fields": {"name": "Can change page", "content_type": 14, "codename": "change_page"}}, {"model": "auth.permission", "pk": 55, "fields": {"name": "Can delete page", "content_type": 14, "codename": "delete_page"}}, {"model": "auth.permission", "pk": 56, "fields": {"name": "Can view page", "content_type": 14, "codename": "view_page"}}, {"model": "auth.permission", "pk": 57, "fields": {"name": "Can add Site Setting", "content_type": 15, "codename": "add_sitesetting"}}, {"model": "auth.permission", "pk": 58, "fields": {"name": "Can change Site Setting", "content_type": 15, "codename": "change_sitesetting"}}, {"model": "auth.permission", "pk": 59, "fields": {"name": "Can delete Site Setting", "content_type": 15, "codename": "delete_sitesetting"}}, {"model": "auth.permission", "pk": 60, "fields": {"name": "Can view Site Setting", "content_type": 15, "codename": "view_sitesetting"}}, {"model": "auth.permission", "pk": 61, "fields": {"name": "Can add user", "content_type": 16, "codename": "add_authuser"}}, {"model": "auth.permission", "pk": 62, "fields": {"name": "Can change user", "content_type": 16, "codename": "change_authuser"}}, {"model": "auth.permission", "pk": 63, "fields": {"name": "Can delete user", "content_type": 16, "codename": "delete_authuser"}}, {"model": "auth.permission", "pk": 64, "fields": {"name": "Can view user", "content_type": 16, "codename": "view_authuser"}}, {"model": "auth.permission", "pk": 65, "fields": {"name": "Can add history entry", "content_type": 17, "codename": "add_historyentry"}}, {"model": "auth.permission", "pk": 66, "fields": {"name": "Can change history entry", "content_type": 17, "codename": "change_historyentry"}}, {"model": "auth.permission", "pk": 67, "fields": {"name": "Can delete history entry", "content_type": 17, "codename": "delete_historyentry"}}, {"model": "auth.permission", "pk": 68, "fields": {"name": "Can view history entry", "content_type": 17, "codename": "view_historyentry"}}, {"model": "auth.permission", "pk": 69, "fields": {"name": "Can add tag", "content_type": 18, "codename": "add_tag"}}, {"model": "auth.permission", "pk": 70, "fields": {"name": "Can change tag", "content_type": 18, "codename": "change_tag"}}, {"model": "auth.permission", "pk": 71, "fields": {"name": "Can delete tag", "content_type": 18, "codename": "delete_tag"}}, {"model": "auth.permission", "pk": 72, "fields": {"name": "Can view tag", "content_type": 18, "codename": "view_tag"}}, {"model": "auth.permission", "pk": 73, "fields": {"name": "Can add badge", "content_type": 19, "codename": "add_badge"}}, {"model": "auth.permission", "pk": 74, "fields": {"name": "Can change badge", "content_type": 19, "codename": "change_badge"}}, {"model": "auth.permission", "pk": 75, "fields": {"name": "Can delete badge", "content_type": 19, "codename": "delete_badge"}}, {"model": "auth.permission", "pk": 76, "fields": {"name": "Can view badge", "content_type": 19, "codename": "view_badge"}}, {"model": "auth.permission", "pk": 77, "fields": {"name": "Can add product image", "content_type": 20, "codename": "add_productimage"}}, {"model": "auth.permission", "pk": 78, "fields": {"name": "Can change product image", "content_type": 20, "codename": "change_productimage"}}, {"model": "auth.permission", "pk": 79, "fields": {"name": "Can delete product image", "content_type": 20, "codename": "delete_productimage"}}, {"model": "auth.permission", "pk": 80, "fields": {"name": "Can view product image", "content_type": 20, "codename": "view_productimage"}}, {"model": "auth.permission", "pk": 81, "fields": {"name": "Can add product review", "content_type": 21, "codename": "add_productreview"}}, {"model": "auth.permission", "pk": 82, "fields": {"name": "Can change product review", "content_type": 21, "codename": "change_productreview"}}, {"model": "auth.permission", "pk": 83, "fields": {"name": "Can delete product review", "content_type": 21, "codename": "delete_productreview"}}, {"model": "auth.permission", "pk": 84, "fields": {"name": "Can view product review", "content_type": 21, "codename": "view_productreview"}}, {"model": "auth.permission", "pk": 85, "fields": {"name": "Can add product banner", "content_type": 22, "codename": "add_productbanner"}}, {"model": "auth.permission", "pk": 86, "fields": {"name": "Can change product banner", "content_type": 22, "codename": "change_productbanner"}}, {"model": "auth.permission", "pk": 87, "fields": {"name": "Can delete product banner", "content_type": 22, "codename": "delete_productbanner"}}, {"model": "auth.permission", "pk": 88, "fields": {"name": "Can view product banner", "content_type": 22, "codename": "view_productbanner"}}, {"model": "auth.permission", "pk": 89, "fields": {"name": "Can add best deals", "content_type": 23, "codename": "add_bestdeals"}}, {"model": "auth.permission", "pk": 90, "fields": {"name": "Can change best deals", "content_type": 23, "codename": "change_bestdeals"}}, {"model": "auth.permission", "pk": 91, "fields": {"name": "Can delete best deals", "content_type": 23, "codename": "delete_bestdeals"}}, {"model": "auth.permission", "pk": 92, "fields": {"name": "Can view best deals", "content_type": 23, "codename": "view_bestdeals"}}, {"model": "auth.permission", "pk": 93, "fields": {"name": "Can add attribute", "content_type": 24, "codename": "add_attribute"}}, {"model": "auth.permission", "pk": 94, "fields": {"name": "Can change attribute", "content_type": 24, "codename": "change_attribute"}}, {"model": "auth.permission", "pk": 95, "fields": {"name": "Can delete attribute", "content_type": 24, "codename": "delete_attribute"}}, {"model": "auth.permission", "pk": 96, "fields": {"name": "Can view attribute", "content_type": 24, "codename": "view_attribute"}}, {"model": "auth.permission", "pk": 97, "fields": {"name": "Can add product attribute value", "content_type": 25, "codename": "add_productattributevalue"}}, {"model": "auth.permission", "pk": 98, "fields": {"name": "Can change product attribute value", "content_type": 25, "codename": "change_productattributevalue"}}, {"model": "auth.permission", "pk": 99, "fields": {"name": "Can delete product attribute value", "content_type": 25, "codename": "delete_productattributevalue"}}, {"model": "auth.permission", "pk": 100, "fields": {"name": "Can view product attribute value", "content_type": 25, "codename": "view_productattributevalue"}}, {"model": "auth.permission", "pk": 101, "fields": {"name": "Can add product colors", "content_type": 26, "codename": "add_productcolors"}}, {"model": "auth.permission", "pk": 102, "fields": {"name": "Can change product colors", "content_type": 26, "codename": "change_productcolors"}}, {"model": "auth.permission", "pk": 103, "fields": {"name": "Can delete product colors", "content_type": 26, "codename": "delete_productcolors"}}, {"model": "auth.permission", "pk": 104, "fields": {"name": "Can view product colors", "content_type": 26, "codename": "view_productcolors"}}, {"model": "auth.permission", "pk": 105, "fields": {"name": "Can add product description", "content_type": 27, "codename": "add_productdescription"}}, {"model": "auth.permission", "pk": 106, "fields": {"name": "Can change product description", "content_type": 27, "codename": "change_productdescription"}}, {"model": "auth.permission", "pk": 107, "fields": {"name": "Can delete product description", "content_type": 27, "codename": "delete_productdescription"}}, {"model": "auth.permission", "pk": 108, "fields": {"name": "Can view product description", "content_type": 27, "codename": "view_productdescription"}}, {"model": "contenttypes.contenttype", "pk": 1, "fields": {"app_label": "admin", "model": "logentry"}}, {"model": "contenttypes.contenttype", "pk": 2, "fields": {"app_label": "auth", "model": "permission"}}, {"model": "contenttypes.contenttype", "pk": 3, "fields": {"app_label": "auth", "model": "group"}}, {"model": "contenttypes.contenttype", "pk": 4, "fields": {"app_label": "contenttypes", "model": "contenttype"}}, {"model": "contenttypes.contenttype", "pk": 5, "fields": {"app_label": "sessions", "model": "session"}}, {"model": "contenttypes.contenttype", "pk": 6, "fields": {"app_label": "account", "model": "emailaddress"}}, {"model": "contenttypes.contenttype", "pk": 7, "fields": {"app_label": "account", "model": "emailconfirmation"}}, {"model": "contenttypes.contenttype", "pk": 8, "fields": {"app_label": "products", "model": "category"}}, {"model": "contenttypes.contenttype", "pk": 9, "fields": {"app_label": "products", "model": "product"}}, {"model": "contenttypes.contenttype", "pk": 10, "fields": {"app_label": "orders", "model": "category"}}, {"model": "contenttypes.contenttype", "pk": 11, "fields": {"app_label": "orders", "model": "order"}}, {"model": "contenttypes.contenttype", "pk": 12, "fields": {"app_label": "blogs", "model": "category"}}, {"model": "contenttypes.contenttype", "pk": 13, "fields": {"app_label": "blogs", "model": "blog"}}, {"model": "contenttypes.contenttype", "pk": 14, "fields": {"app_label": "pages", "model": "page"}}, {"model": "contenttypes.contenttype", "pk": 15, "fields": {"app_label": "sitesetting", "model": "sitesetting"}}, {"model": "contenttypes.contenttype", "pk": 16, "fields": {"app_label": "users", "model": "authuser"}}, {"model": "contenttypes.contenttype", "pk": 17, "fields": {"app_label": "debug_toolbar", "model": "historyentry"}}, {"model": "contenttypes.contenttype", "pk": 18, "fields": {"app_label": "products", "model": "tag"}}, {"model": "contenttypes.contenttype", "pk": 19, "fields": {"app_label": "products", "model": "badge"}}, {"model": "contenttypes.contenttype", "pk": 20, "fields": {"app_label": "products", "model": "productimage"}}, {"model": "contenttypes.contenttype", "pk": 21, "fields": {"app_label": "products", "model": "productreview"}}, {"model": "contenttypes.contenttype", "pk": 22, "fields": {"app_label": "products", "model": "productbanner"}}, {"model": "contenttypes.contenttype", "pk": 23, "fields": {"app_label": "products", "model": "bestdeals"}}, {"model": "contenttypes.contenttype", "pk": 24, "fields": {"app_label": "products", "model": "attribute"}}, {"model": "contenttypes.contenttype", "pk": 25, "fields": {"app_label": "products", "model": "productattributevalue"}}, {"model": "contenttypes.contenttype", "pk": 26, "fields": {"app_label": "products", "model": "productcolors"}}, {"model": "contenttypes.contenttype", "pk": 27, "fields": {"app_label": "products", "model": "productdescription"}}, {"model": "sessions.session", "pk": "7sffr48ysvw76cv4yyn7obibh3zw4xvq", "fields": {"session_data": ".eJxVjE0OgyAQhe_CujGCg6K79iJkmIFISjFR6Kbp3auNGzcveX_fRyDRUnOxb7_GED1b_8KYxJRrSjdhsZbZ1s2vNrKYhBSXzCE9fT4KTOmImxPX_DdnvTX33flcImGJS36crwtqxm3eOTwY7UBKINAKRtfjwNAZ1WrTq6B8B4p6kNp5GQwPPAbYlVoyrAk1i-8PXP5HhA:1ukV4q:XoOhBdgl8O5oa3QuLhSoECh4kQR2DtxNeD_db4BI02I", "expire_date": "2025-08-22T21:56:40.986Z"}}, {"model": "sessions.session", "pk": "92qgtk11drdwvlnaq1l7i1ka2c08m8ba", "fields": {"session_data": ".eJxVjDsOwjAQRO_iGll2iH-U9JzBGu_aJIAcKU4qxN1JpBRQjTTvzbxFxLoMcW15jiOLi-jE6bdLoGeuO-AH6n2SNNVlHpPcFXnQJm8T59f1cP8OBrRhW4esuBhDbAsCeWf7Phi3Ze6oGKW0hfO9C6ngrDSQkAis4Yk5IQfx-QLv5Dj5:1ulUeZ:GTBMSOn4iT4MiVcCEOX9udwYr4qt_P3-qnBkDKh-_kU", "expire_date": "2025-08-25T15:41:39.572Z"}}, {"model": "sessions.session", "pk": "joothxeavp4fha4mi4pd9h0ffojiwf4s", "fields": {"session_data": ".eJxVjDsOwjAQRO_iGll2iH-U9JzBGu_aJIAcKU4qxN1JpBRQjTTvzbxFxLoMcW15jiOLi-jE6bdLoGeuO-AH6n2SNNVlHpPcFXnQJm8T59f1cP8OBrRhW4esuBhDbAsCeWf7Phi3Ze6oGKW0hfO9C6ngrDSQkAis4Yk5IQfx-QLv5Dj5:1ulX8Y:d9ANsfIj56bF4Sny6rDM8ut1OYF8snZSp3ZVWB-zdw0", "expire_date": "2025-08-25T18:20:46.093Z"}}, {"model": "sessions.session", "pk": "obyczaq3kbr86g7oja2gbtnnh4orzgdo", "fields": {"session_data": ".eJxVjDsOwjAQRO_iGll2iH-U9JzBGu_aJIAcKU4qxN1JpBRQjTTvzbxFxLoMcW15jiOLi-jE6bdLoGeuO-AH6n2SNNVlHpPcFXnQJm8T59f1cP8OBrRhW4esuBhDbAsCeWf7Phi3Ze6oGKW0hfO9C6ngrDSQkAis4Yk5IQfx-QLv5Dj5:1ulkXv:1iE37aA0QycbjqPsohBwwnsu2YWzzqooPnXcGdFxsSA", "expire_date": "2025-08-26T08:39:51.556Z"}}, {"model": "sessions.session", "pk": "oq6djogapmzodwcdotaotp1pgc828clx", "fields": {"session_data": ".eJxVjDsOwjAQRO_iGll2iH-U9JzBGu_aJIAcKU4qxN1JpBRQjTTvzbxFxLoMcW15jiOLi-jE6bdLoGeuO-AH6n2SNNVlHpPcFXnQJm8T59f1cP8OBrRhW4esuBhDbAsCeWf7Phi3Ze6oGKW0hfO9C6ngrDSQkAis4Yk5IQfx-QLv5Dj5:1ulFfz:QDjy-GInlws-JMzNlFsTJGH1kzjCFqan6wg3ynyfF1E", "expire_date": "2025-08-24T23:42:07.710Z"}}, {"model": "sessions.session", "pk": "qg17zja5fhgwv35s9ady1qoujob5f0m7", "fields": {"session_data": ".eJxVkM1qxDAMhN9F5xDsxj9xTqX3PkFZgi3LjdvGXmKHbVn23Ru3e9mLEJpvZkBXsIh5T3W2e10o1Yi2xpzmleqSfYHp7Qr_O0xwtqVc8uahA1th4lpKbgw3Y88GKTSTHeyFtmRXOuhKpT630WNe4Xbq4K9kbsgcWx6Hh5uz-EmpCf7Dpvd8-FLdousb0t_V0r9mT18vd_YhYLFlOdyCIbLgR-m8QW_UYJA5fBKOhUEHPUrugkJORnplGCpBnJQi7bkIQ-CshRYqpf2Bvs9x-4GJ3X4B1wBjrg:1umdUU:_77BO3-Hqb6XD2eFy4tAp-wnLkW6OrpQeJC0BxDkSs4", "expire_date": "2025-08-28T19:19:58.076Z"}}, {"model": "sessions.session", "pk": "rbbeegcee2colsbvxsq0dufpa20lfhra", "fields": {"session_data": ".eJxVjDsOwjAQRO_iGll2iH-U9JzBGu_aJIAcKU4qxN1JpBRQjTTvzbxFxLoMcW15jiOLi-jE6bdLoGeuO-AH6n2SNNVlHpPcFXnQJm8T59f1cP8OBrRhW4esuBhDbAsCeWf7Phi3Ze6oGKW0hfO9C6ngrDSQkAis4Yk5IQfx-QLv5Dj5:1um9Xe:Tr-ScCaRys8RoH1IUnv2IIAd-NhDwyloFApZr6GAGK4", "expire_date": "2025-08-27T11:21:14.951Z"}}, {"model": "sessions.session", "pk": "vt7tvje72m8803g7dnuftj3va6lsquh7", "fields": {"session_data": ".eJxVkM1qxDAMhN9F5xDsjX_inErvfYJSgi3LjduNvcQObVn23Ru3e9mLEJpvZkBXsIh5T3W2e10o1Yi2xpzmleqSfYHp9Qr_O0xwsaV85c1DB7bCxLUUxphR8N6cNB-k7GAvtCW70kFXKvWpjR7zCre3Dv5K5obMseVxeLg5i5-UmuA_bHrPhy_VLbq-If1dLf1L9nR-vrMPAYsty-EWDJEFP0rnDXqjBoPM4Uk4FgYd9Ci5Cwo5GemVYagEcVKKtOciDIGzFlqolPYH-r7E7QcmdvsF4ApjuA:1ulnd3:B4FS3FAyWG9bfz5_qTMSC8EjRt1dARQv2IebwdCjK3E", "expire_date": "2025-08-26T11:57:21.964Z"}}, {"model": "sessions.session", "pk": "wgzzsylixq2oobjicxtuqxuabm749rqz", "fields": {"session_data": ".eJxVjDsOwjAQRO_iGll2iH-U9JzBGu_aJIAcKU4qxN1JpBRQjTTvzbxFxLoMcW15jiOLi-jE6bdLoGeuO-AH6n2SNNVlHpPcFXnQJm8T59f1cP8OBrRhW4esuBhDbAsCeWf7Phi3Ze6oGKW0hfO9C6ngrDSQkAis4Yk5IQfx-QLv5Dj5:1ukV5i:cWgLDbHZ2muT3UysDaT6wJz43talffPKROMXLNl2wvM", "expire_date": "2025-08-22T21:57:34.717Z"}}, {"model": "account.emailaddress", "pk": 1, "fields": {"user": 1, "email": "test@test.com", "verified": false, "primary": true}}, {"model": "account.emailaddress", "pk": 2, "fields": {"user": 3, "email": "user@test.com", "verified": false, "primary": true}}, {"model": "products.category", "pk": 1, "fields": {"name": "Computer & Laptop", "short_identifier": "CAL", "parent": null, "image": "categories/Slider_1.png", "slug": "computer-laptop", "lft": 1, "rght": 2, "tree_id": 2, "level": 0}}, {"model": "products.category", "pk": 2, "fields": {"name": "Computer Accessories", "short_identifier": "COA", "parent": null, "image": "categories/Accessories.png", "slug": "computer-accessories", "lft": 1, "rght": 2, "tree_id": 3, "level": 0}}, {"model": "products.category", "pk": 3, "fields": {"name": "Smartphone", "short_identifier": "SMP", "parent": null, "image": "categories/Smartphone.png", "slug": "smartphone", "lft": 1, "rght": 22, "tree_id": 8, "level": 0}}, {"model": "products.category", "pk": 4, "fields": {"name": "Headphone", "short_identifier": "HEP", "parent": null, "image": "categories/Headphone.png", "slug": "headphone", "lft": 1, "rght": 2, "tree_id": 6, "level": 0}}, {"model": "products.category", "pk": 5, "fields": {"name": "Mobile Accessories", "short_identifier": "MOA", "parent": null, "image": "", "slug": "mobile-accessories", "lft": 1, "rght": 2, "tree_id": 7, "level": 0}}, {"model": "products.category", "pk": 6, "fields": {"name": "Gaming Console", "short_identifier": "GAC", "parent": null, "image": "", "slug": "gaming-console", "lft": 1, "rght": 4, "tree_id": 5, "level": 0}}, {"model": "products.category", "pk": 7, "fields": {"name": "Camera & Photo", "short_identifier": "CAP", "parent": null, "image": "categories/Camera.png", "slug": "camera-photo", "lft": 1, "rght": 2, "tree_id": 1, "level": 0}}, {"model": "products.category", "pk": 8, "fields": {"name": "TV & Home Appliances", "short_identifier": "TVH", "parent": null, "image": "categories/TV__Homes.png", "slug": "tv-home-appliances", "lft": 1, "rght": 2, "tree_id": 9, "level": 0}}, {"model": "products.category", "pk": 9, "fields": {"name": "Watches & Accessories", "short_identifier": "WAA", "parent": null, "image": "", "slug": "watches-accessories", "lft": 1, "rght": 2, "tree_id": 10, "level": 0}}, {"model": "products.category", "pk": 10, "fields": {"name": "GPS & Navigation", "short_identifier": "GAN", "parent": null, "image": "", "slug": "gps-navigation", "lft": 1, "rght": 2, "tree_id": 4, "level": 0}}, {"model": "products.category", "pk": 11, "fields": {"name": "Wearable Technology", "short_identifier": "WET", "parent": null, "image": "", "slug": "wearable-technology", "lft": 1, "rght": 2, "tree_id": 11, "level": 0}}, {"model": "products.category", "pk": 12, "fields": {"name": "Iphone", "short_identifier": "IPH", "parent": 3, "image": "", "slug": "iphone", "lft": 6, "rght": 7, "tree_id": 8, "level": 1}}, {"model": "products.category", "pk": 13, "fields": {"name": "Samsung", "short_identifier": "SAM", "parent": 3, "image": "", "slug": "samsung", "lft": 14, "rght": 15, "tree_id": 8, "level": 1}}, {"model": "products.category", "pk": 14, "fields": {"name": "Realme", "short_identifier": "REA", "parent": 3, "image": "", "slug": "realme", "lft": 12, "rght": 13, "tree_id": 8, "level": 1}}, {"model": "products.category", "pk": 15, "fields": {"name": "Xiaomi", "short_identifier": "XIA", "parent": 3, "image": "", "slug": "xiaomi", "lft": 20, "rght": 21, "tree_id": 8, "level": 1}}, {"model": "products.category", "pk": 16, "fields": {"name": "Oppo", "short_identifier": "OPP", "parent": 3, "image": "", "slug": "oppo", "lft": 10, "rght": 11, "tree_id": 8, "level": 1}}, {"model": "products.category", "pk": 17, "fields": {"name": "Vivo", "short_identifier": "VIV", "parent": 3, "image": "", "slug": "vivo", "lft": 18, "rght": 19, "tree_id": 8, "level": 1}}, {"model": "products.category", "pk": 18, "fields": {"name": "OnePlus", "short_identifier": "ONP", "parent": 3, "image": "", "slug": "oneplus", "lft": 8, "rght": 9, "tree_id": 8, "level": 1}}, {"model": "products.category", "pk": 19, "fields": {"name": "Huawei", "short_identifier": "HUA", "parent": 3, "image": "", "slug": "huawei", "lft": 2, "rght": 3, "tree_id": 8, "level": 1}}, {"model": "products.category", "pk": 20, "fields": {"name": "Infinix", "short_identifier": "INF", "parent": 3, "image": "", "slug": "infinix", "lft": 4, "rght": 5, "tree_id": 8, "level": 1}}, {"model": "products.category", "pk": 21, "fields": {"name": "Tecno", "short_identifier": "TEC", "parent": 3, "image": "", "slug": "tecno", "lft": 16, "rght": 17, "tree_id": 8, "level": 1}}, {"model": "products.category", "pk": 22, "fields": {"name": "XboX", "short_identifier": "XBX", "parent": 6, "image": "", "slug": "xbox", "lft": 2, "rght": 3, "tree_id": 5, "level": 1}}, {"model": "products.tag", "pk": 1, "fields": {"name": "Samsung", "slug": "samsung"}}, {"model": "products.tag", "pk": 2, "fields": {"name": "Gaming", "slug": "gaming"}}, {"model": "products.productcolors", "pk": 1, "fields": {"name": "Red", "color_code": "#FF0000", "color_format": "hex"}}, {"model": "products.productcolors", "pk": 2, "fields": {"name": "Green", "color_code": "rgb(0, 25, 0)", "color_format": "rgb"}}, {"model": "products.productcolors", "pk": 3, "fields": {"name": "Light Blue", "color_code": "rgba(173, 216, 230, 1)", "color_format": "rgba"}}, {"model": "products.productcolors", "pk": 4, "fields": {"name": "Black", "color_code": "hsl(0, 0%, 0%)", "color_format": "hsl"}}, {"model": "products.product", "pk": 1, "fields": {"created": "2025-08-11T18:09:44.605Z", "modified": "2025-08-15T12:00:20.710Z", "name": "Samsung Galaxy S23 Ultra", "price": "160000.00", "stock": 1, "category": 13, "slug": "samsung-galaxy-s23-ultra", "is_featured": true, "thumbnail": "products/thumbnails/s23.webp", "is_header_banner": true, "discount": 21, "headline": "Escape the noise, Its time to hear the magic with Xiaomi Earbuds.", "sku": "S23-Ultra", "tags": [1], "colors": []}}, {"model": "products.product", "pk": 2, "fields": {"created": "2025-08-11T18:10:46.974Z", "modified": "2025-08-15T21:17:07.439Z", "name": "Samsung Galaxy A54 5G", "price": "50000.00", "stock": 1, "category": 13, "slug": "samsung-galaxy-a54-5g", "is_featured": true, "thumbnail": "products/thumbnails/Samsung-Galaxy-A54-5G-Awesome-Graphite.jpg", "is_header_banner": false, "discount": 21, "headline": null, "sku": "SG-A54 5G", "tags": [1], "colors": [1, 2, 3, 4]}}, {"model": "products.product", "pk": 3, "fields": {"created": "2025-08-11T18:11:36.644Z", "modified": "2025-08-15T12:00:38.846Z", "name": "Samsung Galaxy Z Flip5", "price": "100000.00", "stock": 1, "category": 13, "slug": "samsung-galaxy-z-flip5", "is_featured": true, "thumbnail": "products/thumbnails/z-flip.png", "is_header_banner": false, "discount": 0, "headline": null, "sku": "SG-Z Flip5", "tags": [1], "colors": []}}, {"model": "products.product", "pk": 4, "fields": {"created": "2025-08-11T19:38:27.309Z", "modified": "2025-08-15T23:33:54.729Z", "name": "Xbox Series X", "price": "50000.00", "stock": 1, "category": 12, "slug": "xbox-series-x", "is_featured": true, "thumbnail": "products/thumbnails/banner_image_3.png", "is_header_banner": false, "discount": 15, "headline": "Save up to 50% on select Xbox games. Get 3 months of PC Game Pass for $2 USD.", "sku": "XSX", "tags": [2], "colors": [1, 2, 3, 4]}}, {"model": "products.product", "pk": 5, "fields": {"created": "2025-08-11T19:39:57.551Z", "modified": "2025-08-15T12:00:54.317Z", "name": "Xbox Series S", "price": "30000.00", "stock": 1, "category": 22, "slug": "xbox-series-s", "is_featured": true, "thumbnail": "products/thumbnails/Xbox_Series_S.webp", "is_header_banner": false, "discount": 10, "headline": "A compact, all-digital Xbox console offering next-gen performance at a more affordable price point.", "sku": "XSS", "tags": [2], "colors": []}}, {"model": "products.product", "pk": 6, "fields": {"created": "2025-08-11T19:41:18.977Z", "modified": "2025-08-15T12:01:01.108Z", "name": "Xbox Series X Halo Infinite Edition", "price": "60000.00", "stock": 1, "category": 22, "slug": "xbox-series-x-halo-infinite-edition", "is_featured": true, "thumbnail": "products/thumbnails/Xbox_Series_X_Halo_Infinite_Edition.webp", "is_header_banner": false, "discount": 5, "headline": "Limited edition Xbox Series X featuring Halo Infinite themed design and exclusive in-game content.", "sku": "XHALO", "tags": [2], "colors": []}}, {"model": "products.productdescription", "pk": 1, "fields": {"product": 2, "title": "Description", "description": "<p>The Samsung Galaxy A54 5G is a feature-rich smartphone that offers flagship-like experiences at a mid-range price. Released in March 2023, it combines a sleek design, robust performance, and versatile camera capabilities, making it an excellent choice for users seeking quality without compromise.</p><h3> Stunning Display</h3><p>Enjoy vibrant visuals on the 6.4-inch FHD+ Super AMOLED display with a 120Hz refresh rate. Whether you're streaming videos, gaming, or browsing, the screen delivers smooth and crisp imagery, even under direct sunlight .</p>"}}, {"model": "products.productdescription", "pk": 2, "fields": {"product": 2, "title": "Additional Info", "description": "<h3> Versatile Camera System</h3><p>Capture life's moments with the 50MP main camera, complemented by a 12MP ultra-wide lens and a 5MP macro sensor. The camera setup supports 4K video recording and features Optical Image Stabilization (OIS) and Video Digital Image Stabilization (VDIS), ensuring steady and clear footage .<a href=\"https://www.thesun.co.uk/tech/34379495/samsung-galaxy-a56-5g-review-tested/?utm_source=chatgpt.com\">The Sun</a><a href=\"https://www.samsung.com/uk/smartphones/galaxy-a/galaxy-a54-5g-green-256gb-sm-a546blgdeub/?utm_source=chatgpt.com\">Samsung</a></p><h3> All-Day Battery Life</h3><p>Powered by a 5,000mAh battery, the Galaxy A54 5G offers up to two days of usage on a single charge, depending on individual usage patterns. Fast charging capabilities ensure you're back up and running quickly .<a href=\"https://www.the-sun.com/tech/11022001/walmart-slashes-450-samsung-galaxy-phone-340/?utm_source=chatgpt.com\">The Sun</a></p><h3> Robust Performance</h3><p>Equipped with the Exynos 1380 processor and options for 6GB or 8GB RAM, the Galaxy A54 5G handles multitasking and demanding applications with ease. Paired with One UI based on Android 13, the device provides a smooth and intuitive user experience .</p><h3> 5G Connectivity</h3><p>Stay connected with 5G support, ensuring fast download and upload speeds, seamless streaming, and smooth online gaming experiences.</p>"}}, {"model": "products.productdescription", "pk": 3, "fields": {"product": 2, "title": "Specifications", "description": "<figure class=\"table\"><table><thead><tr><th><strong>Category</strong></th><th><strong>Specification</strong></th></tr></thead><tbody><tr><td><strong>Release Date</strong></td><td>March 24, 2023</td></tr><tr><td><strong>Operating System</strong></td><td>Android 13 with Samsung One UI</td></tr><tr><td><strong>Processor</strong></td><td>Exynos 1380 (5nm)  Octa-core (4x2.4 GHz Cortex-A78 &amp; 4x2.0 GHz Cortex-A55)</td></tr><tr><td><strong>GPU</strong></td><td>ARM Mali-G68 MP5</td></tr><tr><td><strong>RAM</strong></td><td>6GB or 8GB</td></tr><tr><td><strong>Storage Options</strong></td><td>128GB / 256GB (expandable via microSD up to 1TB)</td></tr><tr><td><strong>Display</strong></td><td>6.4\" FHD+ Super AMOLED, 120Hz refresh rate, 1000 nits peak brightness</td></tr><tr><td><strong>Front Camera</strong></td><td>32MP, f/2.2, 26mm (wide)</td></tr><tr><td><strong>Rear Cameras</strong></td><td>50MP (wide, f/1.8, OIS) + 12MP (ultra-wide, f/2.2, 123) + 5MP (macro, f/2.4)</td></tr><tr><td><strong>Video Recording</strong></td><td>4K@30fps, 1080p@30/60fps, 720p@480fps</td></tr><tr><td><strong>Battery</strong></td><td>5000mAh, supports 25W fast charging (USB-C)</td></tr><tr><td><strong>Dimensions</strong></td><td>158.2 x 76.7 x 8.2 mm</td></tr><tr><td><strong>Weight</strong></td><td>202g</td></tr><tr><td><strong>Water Resistance</strong></td><td>IP67 (dust and water-resistant up to 1m for 30 minutes)</td></tr><tr><td><strong>Connectivity</strong></td><td>5G, Wi-Fi 6, Bluetooth 5.3, NFC, USB Type-C</td></tr><tr><td><strong>Audio</strong></td><td>Stereo speakers, Dolby Atmos support</td></tr><tr><td><strong>Security</strong></td><td>In-display fingerprint scanner, Samsung Knox</td></tr><tr><td><strong>Colors Available</strong></td><td>Awesome Graphite, Awesome White, Awesome Lime, Awesome Violet</td></tr></tbody></table></figure>"}}, {"model": "products.attribute", "pk": 1, "fields": {"name": "Screen Size", "product": 2, "datatype": "str"}}, {"model": "products.attribute", "pk": 2, "fields": {"name": "RAM", "product": 2, "datatype": "str"}}, {"model": "products.attribute", "pk": 3, "fields": {"name": "Storage", "product": 2, "datatype": "str"}}, {"model": "products.productattributevalue", "pk": 1, "fields": {"product": 2, "attribute": 1, "value": "14-inch Liquid Retina XDR display"}}, {"model": "products.productattributevalue", "pk": 2, "fields": {"product": 2, "attribute": 1, "value": "16-inch Liquid Retina XDR display"}}, {"model": "products.productattributevalue", "pk": 3, "fields": {"product": 2, "attribute": 2, "value": "16 GB RAM"}}, {"model": "products.productattributevalue", "pk": 4, "fields": {"product": 2, "attribute": 3, "value": "512GB Storage"}}, {"model": "products.productbanner", "pk": 1, "fields": {"product": 4, "headline": "The most powerful Xbox console with 12 teraflops of processing power, 4K gaming at 60 FPS, and an ultra-fast SSD.", "title": "XboX Consoles", "short_title": "The Best Place To Buy", "is_display": true}}, {"model": "products.productbanner", "pk": 2, "fields": {"product": 1, "headline": "Unleash Next-Level Performance: Discover Samsungs Flagship Phones", "title": "Home of Samsung Falgships", "short_title": "The Best Place To Buy", "is_display": true}}, {"model": "products.badge", "pk": 1, "fields": {"name": "discount", "product": 1}}, {"model": "products.productimage", "pk": 1, "fields": {"name": "Samsung Galaxy A54 5G_1", "product": 2, "image": "media/products/01.png"}}, {"model": "products.productimage", "pk": 2, "fields": {"name": "Samsung Galaxy A54 5G_2", "product": 2, "image": "media/products/02.png"}}, {"model": "products.productimage", "pk": 3, "fields": {"name": "Samsung Galaxy A54 5G_3", "product": 2, "image": "media/products/03.png"}}, {"model": "products.productimage", "pk": 4, "fields": {"name": "Samsung Galaxy A54 5G_4", "product": 2, "image": "media/products/04.png"}}, {"model": "products.productimage", "pk": 5, "fields": {"name": "Samsung Galaxy A54 5G_5", "product": 2, "image": "media/products/05.png"}}, {"model": "products.productimage", "pk": 6, "fields": {"name": "Samsung Galaxy A54 5G_6", "product": 2, "image": "media/products/06.png"}}, {"model": "products.productimage", "pk": 7, "fields": {"name": "Samsung Galaxy A54 5G_7", "product": 2, "image": "media/products/237-536x354.jpg"}}, {"model": "products.productimage", "pk": 8, "fields": {"name": "Samsung Galaxy A54 5G_8", "product": 2, "image": "media/products/Main_Image.png"}}, {"model": "products.productreview", "pk": 1, "fields": {"created": "2025-08-15T08:27:43.744Z", "modified": "2025-08-15T21:11:37.136Z", "rating": 5, "feedback": "Good Product", "review_from": 3, "product": 2}}, {"model": "products.productreview", "pk": 2, "fields": {"created": "2025-08-15T08:27:58.621Z", "modified": "2025-08-15T21:11:43.036Z", "rating": 4, "feedback": "Kinda Good Product", "review_from": 1, "product": 2}}, {"model": "products.productreview", "pk": 3, "fields": {"created": "2025-08-15T08:28:06.554Z", "modified": "2025-08-15T21:11:49.486Z", "rating": 3, "feedback": "Mid Product", "review_from": 3, "product": 2}}, {"model": "products.productreview", "pk": 4, "fields": {"created": "2025-08-15T08:28:17.451Z", "modified": "2025-08-15T21:11:53.168Z", "rating": 2, "feedback": "Not Like this one", "review_from": 1, "product": 2}}, {"model": "products.productreview", "pk": 5, "fields": {"created": "2025-08-15T08:28:26.668Z", "modified": "2025-08-15T21:42:03.806Z", "rating": 1, "feedback": "Lorem Ipsum is simply dummy text of the printing and typesetting industry. Lorem Ipsum has been the industry's standard dummy text ever since the 1500s, when an unknown printer took a galley of type and scrambled it to make a type specimen book. It has survived not only five centuries, but also the leap into electronic typesetting, remaining essentially unchanged. It was popularised in the 1960s with the release of Letraset sheets containing Lorem Ipsum passages, and more recently with desktop p", "review_from": 3, "product": 2}}, {"model": "products.bestdeals", "pk": 1, "fields": {"created": "2025-08-11T20:35:03.919Z", "modified": "2025-08-11T20:35:09.592Z", "is_active": true, "end_date": "2025-08-31T00:00:00Z", "products": [1, 2, 3, 4, 5, 6]}}, {"model": "blogs.category", "pk": 1, "fields": {"name": "Computer & Laptop"}}, {"model": "blogs.category", "pk": 2, "fields": {"name": "Computer Accessories"}}, {"model": "blogs.category", "pk": 3, "fields": {"name": "Smartphone"}}, {"model": "blogs.category", "pk": 4, "fields": {"name": "Headphone"}}, {"model": "blogs.category", "pk": 5, "fields": {"name": "Mobile Accessories"}}, {"model": "blogs.category", "pk": 6, "fields": {"name": "Gaming Console"}}, {"model": "blogs.category", "pk": 7, "fields": {"name": "Camera & Photo"}}, {"model": "blogs.category", "pk": 8, "fields": {"name": "TV & Home Appliances"}}, {"model": "blogs.category", "pk": 9, "fields": {"name": "Watches & Accessories"}}, {"model": "blogs.category", "pk": 10, "fields": {"name": "GPS & Navigation"}}, {"model": "blogs.category", "pk": 11, "fields": {"name": "Wearable Technology"}}, {"model": "users.authuser", "pk": 1, "fields": {"password": "pbkdf2_sha256$1000000$HiGkHWTzmGnwhEUb0dnte2$maYjB8rUBM/IE872S57NiduWg78yr2xjjaGtGc8AZNg=", "last_login": "2025-08-14T19:19:58.053Z", "is_superuser": false, "username": "test", "first_name": "Test First", "last_name": "Test Last", "is_staff": false, "is_active": true, "date_joined": "2025-08-08T21:56:40.433Z", "email": "test@test.com", "groups": [], "user_permissions": []}}, {"model": "users.authuser", "pk": 2, "fields": {"password": "pbkdf2_sha256$1000000$IBL0ZqBaoBz1neaPDYriJP$FLrHia9tMyAoA+q6+PfDAEZzOL0GqDe+38iyE8Om0LU=", "last_login": "2025-08-15T08:26:42.792Z", "is_superuser": true, "username": "", "first_name": "Admin First", "last_name": "Admin Last", "is_staff": true, "is_active": true, "date_joined": "2025-08-08T21:57:24.131Z", "email": "admin@admin.com", "groups": [], "user_permissions": []}}, {"model": "users.authuser", "pk": 3, "fields": {"password": "pbkdf2_sha256$1000000$SJOcjzMLTDan6gc5AFv7CK$D866Mmv0dMwd5mgNkCOc7M/IswlHpCSqm7ccOIda7H0=", "last_login": null, "is_superuser": false, "username": "user", "first_name": "User FIrst", "last_name": "User Last", "is_staff": false, "is_active": true, "date_joined": "2025-08-11T12:10:58.568Z", "email": "user@test.com", "groups": [], "user_permissions": []}}]