[
{
  "model": "account.emailaddress",
  "pk": 1,
  "fields": {
    "user": 2,
    "email": "medineearyal@gmail.com",
    "verified": true,
    "primary": true
  }
},
{
  "model": "products.category",
  "pk": 1,
  "fields": {
    "name": "Clothes",
    "parent": null,
    "image": "categories/clothes_cat.jpg",
    "slug": "clothes",
    "lft": 1,
    "rght": 6,
    "tree_id": 3,
    "level": 0
  }
},
{
  "model": "products.category",
  "pk": 2,
  "fields": {
    "name": "Women's Wear",
    "parent": 1,
    "image": "",
    "slug": "womens-wear",
    "lft": 4,
    "rght": 5,
    "tree_id": 3,
    "level": 1
  }
},
{
  "model": "products.category",
  "pk": 3,
  "fields": {
    "name": "Men's Wear",
    "parent": 1,
    "image": "",
    "slug": "mens-wear",
    "lft": 2,
    "rght": 3,
    "tree_id": 3,
    "level": 1
  }
},
{
  "model": "products.category",
  "pk": 4,
  "fields": {
    "name": "Bag",
    "parent": null,
    "image": "categories/bag_cat.jpg",
    "slug": "bag",
    "lft": 1,
    "rght": 2,
    "tree_id": 1,
    "level": 0
  }
},
{
  "model": "products.category",
  "pk": 5,
  "fields": {
    "name": "Books",
    "parent": null,
    "image": "categories/books_cat.jpg",
    "slug": "books",
    "lft": 1,
    "rght": 2,
    "tree_id": 2,
    "level": 0
  }
},
{
  "model": "products.category",
  "pk": 6,
  "fields": {
    "name": "Food",
    "parent": null,
    "image": "categories/food_cat.jpg",
    "slug": "food",
    "lft": 1,
    "rght": 2,
    "tree_id": 4,
    "level": 0
  }
},
{
  "model": "products.tag",
  "pk": 1,
  "fields": {
    "name": "Dress",
    "slug": "dress"
  }
},
{
  "model": "products.tag",
  "pk": 2,
  "fields": {
    "name": "Shirt",
    "slug": "shirt"
  }
},
{
  "model": "products.tag",
  "pk": 3,
  "fields": {
    "name": "Trousers",
    "slug": "trousers"
  }
},
{
  "model": "products.tag",
  "pk": 4,
  "fields": {
    "name": "Shacket",
    "slug": "shacket"
  }
},
{
  "model": "products.tag",
  "pk": 5,
  "fields": {
    "name": "Boots",
    "slug": "boots"
  }
},
{
  "model": "products.tag",
  "pk": 6,
  "fields": {
    "name": "Side Bag",
    "slug": "side-bag"
  }
},
{
  "model": "products.tag",
  "pk": 7,
  "fields": {
    "name": "Hand Bag",
    "slug": "hand-bag"
  }
},
{
  "model": "products.tag",
  "pk": 8,
  "fields": {
    "name": "Skirt",
    "slug": "skirt"
  }
},
{
  "model": "products.tag",
  "pk": 9,
  "fields": {
    "name": "Shorts",
    "slug": "shorts"
  }
},
{
  "model": "products.tag",
  "pk": 10,
  "fields": {
    "name": "Coat",
    "slug": "coat"
  }
},
{
  "model": "products.tag",
  "pk": 11,
  "fields": {
    "name": "Jacket",
    "slug": "jacket"
  }
},
{
  "model": "products.tag",
  "pk": 12,
  "fields": {
    "name": "Sando",
    "slug": "sando"
  }
},
{
  "model": "products.tag",
  "pk": 13,
  "fields": {
    "name": "Fiction & Literature",
    "slug": "fiction-and-literature"
  }
},
{
  "model": "products.tag",
  "pk": 14,
  "fields": {
    "name": "Mystery",
    "slug": "mystery"
  }
},
{
  "model": "products.tag",
  "pk": 15,
  "fields": {
    "name": "Thriller",
    "slug": "thriller"
  }
},
{
  "model": "products.tag",
  "pk": 16,
  "fields": {
    "name": "Suspense",
    "slug": "suspense"
  }
},
{
  "model": "products.tag",
  "pk": 17,
  "fields": {
    "name": "Crime",
    "slug": "crime"
  }
},
{
  "model": "products.tag",
  "pk": 18,
  "fields": {
    "name": "Historical Fiction",
    "slug": "historical-fiction"
  }
},
{
  "model": "products.tag",
  "pk": 19,
  "fields": {
    "name": "Classics",
    "slug": "classics"
  }
},
{
  "model": "products.tag",
  "pk": 20,
  "fields": {
    "name": "Brownies",
    "slug": "brownies"
  }
},
{
  "model": "products.tag",
  "pk": 21,
  "fields": {
    "name": "Ice Cream",
    "slug": "ice-cream"
  }
},
{
  "model": "products.tag",
  "pk": 22,
  "fields": {
    "name": "Donuts",
    "slug": "donuts"
  }
},
{
  "model": "products.tag",
  "pk": 23,
  "fields": {
    "name": "Fast Food",
    "slug": "fast-food"
  }
},
{
  "model": "products.productcolors",
  "pk": 1,
  "fields": {
    "name": "Blue",
    "color_code": "#0000FF",
    "color_format": "hex"
  }
},
{
  "model": "products.productcolors",
  "pk": 2,
  "fields": {
    "name": "Cream",
    "color_code": "#FFFDD0",
    "color_format": "hex"
  }
},
{
  "model": "products.productcolors",
  "pk": 3,
  "fields": {
    "name": "Green",
    "color_code": "#008000",
    "color_format": "hex"
  }
},
{
  "model": "products.productcolors",
  "pk": 4,
  "fields": {
    "name": "Pink",
    "color_code": "#FFC0CB",
    "color_format": "hex"
  }
},
{
  "model": "products.productcolors",
  "pk": 5,
  "fields": {
    "name": "Black",
    "color_code": "#141627",
    "color_format": "hex"
  }
},
{
  "model": "products.productcolors",
  "pk": 6,
  "fields": {
    "name": "White",
    "color_code": "#FFFFFF",
    "color_format": "hex"
  }
},
{
  "model": "products.productcolors",
  "pk": 7,
  "fields": {
    "name": "Khaki",
    "color_code": "#D5C58A",
    "color_format": "hex"
  }
},
{
  "model": "products.productcolors",
  "pk": 8,
  "fields": {
    "name": "Brown",
    "color_code": "#964B00",
    "color_format": "hex"
  }
},
{
  "model": "products.productcolors",
  "pk": 9,
  "fields": {
    "name": "Navy",
    "color_code": "#000080",
    "color_format": "hex"
  }
},
{
  "model": "products.productcolors",
  "pk": 10,
  "fields": {
    "name": "Beige",
    "color_code": "#F5F5DC",
    "color_format": "hex"
  }
},
{
  "model": "products.productcolors",
  "pk": 11,
  "fields": {
    "name": "Maroon",
    "color_code": "#800000",
    "color_format": "hex"
  }
},
{
  "model": "products.productcolors",
  "pk": 12,
  "fields": {
    "name": "Olive",
    "color_code": "#808000",
    "color_format": "hex"
  }
},
{
  "model": "products.productcolors",
  "pk": 13,
  "fields": {
    "name": "Grey",
    "color_code": "#808080",
    "color_format": "hex"
  }
},
{
  "model": "products.productcolors",
  "pk": 14,
  "fields": {
    "name": "Black Grey",
    "color_code": "#3f3f3f",
    "color_format": "hex"
  }
},
{
  "model": "products.productcolors",
  "pk": 15,
  "fields": {
    "name": "Light Grey",
    "color_code": "#a0a0a0",
    "color_format": "hex"
  }
},
{
  "model": "products.productcolors",
  "pk": 16,
  "fields": {
    "name": "Orange",
    "color_code": "#FFA500",
    "color_format": "hex"
  }
},
{
  "model": "products.productcolors",
  "pk": 17,
  "fields": {
    "name": "Turquoise",
    "color_code": "#40E0D0",
    "color_format": "hex"
  }
},
{
  "model": "products.productcolors",
  "pk": 18,
  "fields": {
    "name": "Pale Green",
    "color_code": "#98fb98",
    "color_format": "hex"
  }
},
{
  "model": "products.productcolors",
  "pk": 19,
  "fields": {
    "name": "Smoke Blue",
    "color_code": "#748881",
    "color_format": "hex"
  }
},
{
  "model": "products.product",
  "pk": 1,
  "fields": {
    "created": "2025-08-23T22:10:11.957Z",
    "modified": "2025-08-24T07:56:05.788Z",
    "name": "Striped Shirt",
    "price": "1900.00",
    "stock": 10,
    "category": 2,
    "slug": "striped-shirt",
    "is_featured": false,
    "thumbnail": "products/thumbnails/110337ms-1.jpg",
    "is_header_banner": false,
    "discount": 5,
    "headline": null,
    "seller": 2,
    "sku": "WOMEN'SWEAR-001-STRIPEDSHIRT",
    "tags": [
      2
    ],
    "colors": [
      1,
      2,
      3,
      4
    ]
  }
},
{
  "model": "products.product",
  "pk": 3,
  "fields": {
    "created": "2025-08-23T22:27:31.736Z",
    "modified": "2025-08-24T08:00:59.797Z",
    "name": "Denim Dress",
    "price": "3500.00",
    "stock": 3,
    "category": 2,
    "slug": "denim-dress",
    "is_featured": false,
    "thumbnail": "products/thumbnails/111611ms-1.jpg",
    "is_header_banner": false,
    "discount": 10,
    "headline": null,
    "seller": 2,
    "sku": "WOMEN'SWEAR-000-DENIMDRESS",
    "tags": [
      1
    ],
    "colors": [
      1,
      5
    ]
  }
},
{
  "model": "products.product",
  "pk": 4,
  "fields": {
    "created": "2025-08-24T08:03:05.321Z",
    "modified": "2025-08-24T08:03:05.321Z",
    "name": "Embroidered Dress",
    "price": "3200.00",
    "stock": 3,
    "category": 2,
    "slug": "embroidered-dress",
    "is_featured": false,
    "thumbnail": "products/thumbnails/111514ms-1.jpg",
    "is_header_banner": false,
    "discount": 5,
    "headline": null,
    "seller": null,
    "sku": "WOMEN'SWEAR-000-EMBROIDEREDDRESS",
    "tags": [
      1
    ],
    "colors": [
      6
    ]
  }
},
{
  "model": "products.product",
  "pk": 5,
  "fields": {
    "created": "2025-08-24T08:05:27.775Z",
    "modified": "2025-08-24T08:06:06.844Z",
    "name": "Eyelet Knit Shirt",
    "price": "2500.00",
    "stock": 5,
    "category": 3,
    "slug": "eyelet-knit-shirt",
    "is_featured": false,
    "thumbnail": "products/thumbnails/111766-_0005_7-111766-L1.jpg",
    "is_header_banner": false,
    "discount": 5,
    "headline": null,
    "seller": null,
    "sku": "MEN'SWEAR-000-EYELETKNITSHIRT",
    "tags": [
      2
    ],
    "colors": [
      2,
      3,
      6
    ]
  }
},
{
  "model": "products.product",
  "pk": 6,
  "fields": {
    "created": "2025-08-24T08:07:57.272Z",
    "modified": "2025-08-24T08:07:57.272Z",
    "name": "Henley Shirt",
    "price": "1700.00",
    "stock": 5,
    "category": 3,
    "slug": "henley-shirt",
    "is_featured": false,
    "thumbnail": "products/thumbnails/110695-_0008_3-110695-L.jpg",
    "is_header_banner": false,
    "discount": 3,
    "headline": null,
    "seller": null,
    "sku": "MEN'SWEAR-000-HENLEYSHIRT",
    "tags": [
      2
    ],
    "colors": [
      1,
      2,
      3,
      5
    ]
  }
},
{
  "model": "products.product",
  "pk": 7,
  "fields": {
    "created": "2025-08-24T12:13:51.835Z",
    "modified": "2025-08-24T12:13:51.835Z",
    "name": "Plain Trousers",
    "price": "2700.00",
    "stock": 10,
    "category": 3,
    "slug": "plain-trousers",
    "is_featured": false,
    "thumbnail": "products/thumbnails/110345-_0006_DSC06851.jpg",
    "is_header_banner": false,
    "discount": 5,
    "headline": null,
    "seller": null,
    "sku": "MEN'SWEAR-000-PLAINTROUSERS",
    "tags": [
      3
    ],
    "colors": [
      1,
      2,
      4,
      6
    ]
  }
},
{
  "model": "products.product",
  "pk": 8,
  "fields": {
    "created": "2025-08-24T12:18:03.922Z",
    "modified": "2025-08-24T12:18:03.922Z",
    "name": "Notched Collared Shirt",
    "price": "2800.00",
    "stock": 5,
    "category": 3,
    "slug": "notched-collared-shirt",
    "is_featured": false,
    "thumbnail": "products/thumbnails/110693-_0007_10-110693-L.jpg",
    "is_header_banner": false,
    "discount": 5,
    "headline": null,
    "seller": null,
    "sku": "MEN'SWEAR-000-NOTCHEDCOLLAREDSHIRT",
    "tags": [
      2
    ],
    "colors": [
      2,
      6,
      7,
      8,
      9
    ]
  }
},
{
  "model": "products.product",
  "pk": 9,
  "fields": {
    "created": "2025-08-24T12:21:35.915Z",
    "modified": "2025-08-24T12:21:35.915Z",
    "name": "Plain Shacket",
    "price": "3200.00",
    "stock": 3,
    "category": 3,
    "slug": "plain-shacket",
    "is_featured": false,
    "thumbnail": "products/thumbnails/108520_0000_DSC08765.jpg",
    "is_header_banner": false,
    "discount": 3,
    "headline": null,
    "seller": null,
    "sku": "MEN'SWEAR-000-PLAINSHACKET",
    "tags": [
      4
    ],
    "colors": [
      5,
      10
    ]
  }
},
{
  "model": "products.product",
  "pk": 10,
  "fields": {
    "created": "2025-08-24T12:23:56.963Z",
    "modified": "2025-08-24T12:23:56.963Z",
    "name": "Chelsea Boots",
    "price": "10000.00",
    "stock": 2,
    "category": 3,
    "slug": "chelsea-boots",
    "is_featured": false,
    "thumbnail": "products/thumbnails/110203_0000_DSC06231.jpg",
    "is_header_banner": false,
    "discount": 3,
    "headline": null,
    "seller": null,
    "sku": "MEN'SWEAR-000-CHELSEABOOTS",
    "tags": [
      5
    ],
    "colors": [
      8
    ]
  }
},
{
  "model": "products.product",
  "pk": 11,
  "fields": {
    "created": "2025-08-24T12:28:23.872Z",
    "modified": "2025-08-24T12:28:23.872Z",
    "name": "Side Bag",
    "price": "3100.00",
    "stock": 5,
    "category": 4,
    "slug": "side-bag",
    "is_featured": false,
    "thumbnail": "products/thumbnails/111761-_0000_DSC09416.jpg",
    "is_header_banner": false,
    "discount": 5,
    "headline": null,
    "seller": null,
    "sku": "BAG-000-SIDEBAG",
    "tags": [
      6
    ],
    "colors": [
      2,
      5,
      11
    ]
  }
},
{
  "model": "products.product",
  "pk": 12,
  "fields": {
    "created": "2025-08-24T12:30:43.884Z",
    "modified": "2025-08-24T12:30:43.884Z",
    "name": "Reptile Embossed Hand Bag",
    "price": "3700.00",
    "stock": 5,
    "category": 4,
    "slug": "reptile-embossed-hand-bag",
    "is_featured": false,
    "thumbnail": "products/thumbnails/111760-_0004_DSC09314.jpg",
    "is_header_banner": false,
    "discount": 5,
    "headline": null,
    "seller": null,
    "sku": "BAG-000-REPTILEEMBOSSEDHANDBAG",
    "tags": [
      7
    ],
    "colors": [
      5,
      8,
      11,
      12
    ]
  }
},
{
  "model": "products.product",
  "pk": 13,
  "fields": {
    "created": "2025-08-24T12:32:49.524Z",
    "modified": "2025-08-24T12:32:49.524Z",
    "name": "Lace Trim Skirt",
    "price": "1700.00",
    "stock": 2,
    "category": 2,
    "slug": "lace-trim-skirt",
    "is_featured": false,
    "thumbnail": "products/thumbnails/111614-_0000_DSC06388.jpg",
    "is_header_banner": false,
    "discount": 5,
    "headline": null,
    "seller": null,
    "sku": "WOMEN'SWEAR-000-LACETRIMSKIRT",
    "tags": [
      8
    ],
    "colors": [
      5,
      6
    ]
  }
},
{
  "model": "products.product",
  "pk": 14,
  "fields": {
    "created": "2025-08-24T12:34:46.329Z",
    "modified": "2025-08-24T12:34:46.329Z",
    "name": "Plissé Pleated Skirt",
    "price": "2000.00",
    "stock": 5,
    "category": 2,
    "slug": "plisse-pleated-skirt",
    "is_featured": false,
    "thumbnail": "products/thumbnails/104935_ms_a_DSC00791-Edit.jpg",
    "is_header_banner": false,
    "discount": 5,
    "headline": null,
    "seller": null,
    "sku": "WOMEN'SWEAR-000-PLISSÉPLEATEDSKIRT",
    "tags": [
      1
    ],
    "colors": [
      5,
      8,
      13
    ]
  }
},
{
  "model": "products.product",
  "pk": 15,
  "fields": {
    "created": "2025-08-24T12:36:18.036Z",
    "modified": "2025-08-24T12:36:18.036Z",
    "name": "Mock-Neck Top/Skirt set",
    "price": "3500.00",
    "stock": 1,
    "category": 2,
    "slug": "mock-neck-topskirt-set",
    "is_featured": false,
    "thumbnail": "products/thumbnails/110515-_0004_Levels-1.jpg",
    "is_header_banner": false,
    "discount": 10,
    "headline": null,
    "seller": null,
    "sku": "WOMEN'SWEAR-000-MOCK-NECKTOP/SKIRTSET",
    "tags": [
      8,
      1
    ],
    "colors": [
      5,
      11
    ]
  }
},
{
  "model": "products.product",
  "pk": 16,
  "fields": {
    "created": "2025-08-24T12:39:29.388Z",
    "modified": "2025-08-24T12:39:29.388Z",
    "name": "Basic Shorts",
    "price": "1600.00",
    "stock": 5,
    "category": 2,
    "slug": "basic-shorts",
    "is_featured": false,
    "thumbnail": "products/thumbnails/110342-_0006_DSC06896.jpg",
    "is_header_banner": false,
    "discount": 5,
    "headline": null,
    "seller": null,
    "sku": "WOMEN'SWEAR-000-BASICSHORTS",
    "tags": [
      9
    ],
    "colors": [
      5,
      14,
      15,
      16,
      17
    ]
  }
},
{
  "model": "products.product",
  "pk": 17,
  "fields": {
    "created": "2025-08-24T12:41:34.627Z",
    "modified": "2025-08-24T12:41:34.627Z",
    "name": "Mélange Shorts",
    "price": "1800.00",
    "stock": 5,
    "category": 2,
    "slug": "melange-shorts",
    "is_featured": false,
    "thumbnail": "products/thumbnails/111508-_0004_DSC05406.jpg",
    "is_header_banner": false,
    "discount": 5,
    "headline": null,
    "seller": null,
    "sku": "WOMEN'SWEAR-000-MÉLANGESHORTS",
    "tags": [
      9
    ],
    "colors": [
      5,
      6,
      13
    ]
  }
},
{
  "model": "products.product",
  "pk": 18,
  "fields": {
    "created": "2025-08-24T12:42:54.235Z",
    "modified": "2025-08-24T12:42:54.235Z",
    "name": "Plain Coat",
    "price": "7500.00",
    "stock": 1,
    "category": 3,
    "slug": "plain-coat",
    "is_featured": false,
    "thumbnail": "products/thumbnails/108884.jpg",
    "is_header_banner": false,
    "discount": 0,
    "headline": null,
    "seller": null,
    "sku": "MEN'SWEAR-000-PLAINCOAT",
    "tags": [
      10
    ],
    "colors": [
      1
    ]
  }
},
{
  "model": "products.product",
  "pk": 19,
  "fields": {
    "created": "2025-08-24T12:46:14.740Z",
    "modified": "2025-08-24T12:46:14.740Z",
    "name": "Hooded Windcheater",
    "price": "3500.00",
    "stock": 5,
    "category": 3,
    "slug": "hooded-windcheater",
    "is_featured": false,
    "thumbnail": "products/thumbnails/110328-_0005_Layer-1.jpg",
    "is_header_banner": false,
    "discount": 5,
    "headline": null,
    "seller": null,
    "sku": "MEN'SWEAR-000-HOODEDWINDCHEATER",
    "tags": [
      11
    ],
    "colors": [
      3,
      5,
      10,
      13,
      18,
      19
    ]
  }
},
{
  "model": "products.product",
  "pk": 20,
  "fields": {
    "created": "2025-08-24T12:48:08.276Z",
    "modified": "2025-08-24T12:48:08.277Z",
    "name": "Tank Top",
    "price": "1100.00",
    "stock": 5,
    "category": 3,
    "slug": "tank-top",
    "is_featured": false,
    "thumbnail": "products/thumbnails/110475-_0000_DSC09018.jpg",
    "is_header_banner": false,
    "discount": 0,
    "headline": null,
    "seller": null,
    "sku": "MEN'SWEAR-000-TANKTOP",
    "tags": [
      12
    ],
    "colors": [
      8,
      3,
      5,
      6
    ]
  }
},
{
  "model": "products.product",
  "pk": 21,
  "fields": {
    "created": "2025-08-24T12:54:35.003Z",
    "modified": "2025-08-24T13:01:32.231Z",
    "name": "A Good Girl's Guide to Murder",
    "price": "800.00",
    "stock": 3,
    "category": 5,
    "slug": "a-good-girls-guide-to-murder",
    "is_featured": false,
    "thumbnail": "products/thumbnails/A_Good_Girls_Guide_to_Murder.webp",
    "is_header_banner": false,
    "discount": 5,
    "headline": null,
    "seller": null,
    "sku": "BOOKS-000-AGOODGIRL'SGUIDETOMURDER",
    "tags": [
      16,
      13,
      14,
      15
    ],
    "colors": []
  }
},
{
  "model": "products.product",
  "pk": 22,
  "fields": {
    "created": "2025-08-24T13:03:48.213Z",
    "modified": "2025-08-24T13:03:48.213Z",
    "name": "The Silent Patient",
    "price": "638.00",
    "stock": 2,
    "category": 5,
    "slug": "the-silent-patient",
    "is_featured": false,
    "thumbnail": "products/thumbnails/image.webp",
    "is_header_banner": false,
    "discount": 0,
    "headline": null,
    "seller": null,
    "sku": "BOOKS-000-THESILENTPATIENT",
    "tags": [
      13,
      14,
      15,
      16,
      17
    ],
    "colors": []
  }
},
{
  "model": "products.product",
  "pk": 23,
  "fields": {
    "created": "2025-08-24T13:05:56.649Z",
    "modified": "2025-08-24T13:05:56.649Z",
    "name": "The Kite Runner",
    "price": "1000.00",
    "stock": 1,
    "category": 5,
    "slug": "the-kite-runner",
    "is_featured": false,
    "thumbnail": "products/thumbnails/image_1.webp",
    "is_header_banner": false,
    "discount": 15,
    "headline": null,
    "seller": null,
    "sku": "BOOKS-000-THEKITERUNNER",
    "tags": [
      18,
      19,
      13
    ],
    "colors": []
  }
},
{
  "model": "products.product",
  "pk": 24,
  "fields": {
    "created": "2025-08-24T13:10:49.951Z",
    "modified": "2025-08-24T13:27:06.030Z",
    "name": "Set of 6 Pcs Walnut Brownies",
    "price": "950.00",
    "stock": 5,
    "category": 6,
    "slug": "set-of-6-pcs-walnu-brownies",
    "is_featured": false,
    "thumbnail": "products/thumbnails/6-choco-walnut-brownies-brow2024-E_0.jpg",
    "is_header_banner": false,
    "discount": 0,
    "headline": null,
    "seller": null,
    "sku": "FOOD-000-SETOF6PCSWALNUBROWNIES",
    "tags": [
      20
    ],
    "colors": []
  }
},
{
  "model": "products.product",
  "pk": 25,
  "fields": {
    "created": "2025-08-24T13:12:21.656Z",
    "modified": "2025-08-24T13:12:21.656Z",
    "name": "White Chocolate Cake Sicles",
    "price": "750.00",
    "stock": 5,
    "category": 6,
    "slug": "white-chocolate-cake-sicles",
    "is_featured": false,
    "thumbnail": "products/thumbnails/1ac7d3cfb6bb72296061bb3e9853cbfd-1024x768.jpg",
    "is_header_banner": false,
    "discount": 0,
    "headline": null,
    "seller": null,
    "sku": "FOOD-000-WHITECHOCOLATECAKESICLES",
    "tags": [
      21
    ],
    "colors": []
  }
},
{
  "model": "products.product",
  "pk": 26,
  "fields": {
    "created": "2025-08-24T13:12:55.352Z",
    "modified": "2025-08-24T13:12:55.352Z",
    "name": "Dark Chocolate Cake Sicles",
    "price": "750.00",
    "stock": 5,
    "category": 6,
    "slug": "dark-chocolate-cake-sicles",
    "is_featured": false,
    "thumbnail": "products/thumbnails/ezgif.com-gif-maker-9.jpg",
    "is_header_banner": false,
    "discount": 0,
    "headline": null,
    "seller": null,
    "sku": "FOOD-000-DARKCHOCOLATECAKESICLES",
    "tags": [
      21
    ],
    "colors": []
  }
},
{
  "model": "products.product",
  "pk": 27,
  "fields": {
    "created": "2025-08-24T13:13:48.847Z",
    "modified": "2025-08-24T13:13:48.847Z",
    "name": "Set of 9 Delicious Donuts Pack",
    "price": "650.00",
    "stock": 5,
    "category": 6,
    "slug": "set-of-9-delicious-donuts-pack",
    "is_featured": false,
    "thumbnail": "products/thumbnails/donut_9_pack.jpg",
    "is_header_banner": false,
    "discount": 0,
    "headline": null,
    "seller": null,
    "sku": "FOOD-000-SETOF9DELICIOUSDONUTSPACK",
    "tags": [
      22
    ],
    "colors": []
  }
},
{
  "model": "products.product",
  "pk": 28,
  "fields": {
    "created": "2025-08-24T13:14:21.606Z",
    "modified": "2025-08-24T13:14:21.606Z",
    "name": "8 pcs Delicious Donuts with Sprinkle",
    "price": "550.00",
    "stock": 5,
    "category": 6,
    "slug": "8-pcs-delicious-donuts-with-sprinkle",
    "is_featured": false,
    "thumbnail": "products/thumbnails/8a080b88d62326cfd09f4cabec5f2f35.jpg",
    "is_header_banner": false,
    "discount": 0,
    "headline": null,
    "seller": null,
    "sku": "FOOD-000-8PCSDELICIOUSDONUTSWITHSPRINKLE",
    "tags": [
      22
    ],
    "colors": []
  }
},
{
  "model": "products.product",
  "pk": 29,
  "fields": {
    "created": "2025-08-24T13:16:34.840Z",
    "modified": "2025-08-24T13:16:34.840Z",
    "name": "Samosa",
    "price": "35.00",
    "stock": 25,
    "category": 6,
    "slug": "samosa",
    "is_featured": false,
    "thumbnail": "products/thumbnails/Best-Indian-Punjabi-Samosa-Recipe.jpg",
    "is_header_banner": false,
    "discount": 0,
    "headline": null,
    "seller": null,
    "sku": "FOOD-000-SAMOSA",
    "tags": [
      23
    ],
    "colors": []
  }
},
{
  "model": "products.productdescription",
  "pk": 1,
  "fields": {
    "product": 1,
    "title": "Detail",
    "description": "<p>Brand: UFO Size: S-XL (32-39*) 25″± Length Colors: Pink, Blue, Green, Cream Cotton, blend with Polyester. Model is wearing Medium. Model’s bust 32″, height 5’6″. *Size fitting depends on wearer’s preference too.</p>"
  }
},
{
  "model": "products.productdescription",
  "pk": 2,
  "fields": {
    "product": 3,
    "title": "Detail",
    "description": "<p>Size: M-XL (32-37) 42″± Length Colors: Blue, Dark Blue Cotton Denim. Collared half button up. Complementary lace scarf. Model is wearing Medium. Model’s bust 32″, height 5’6″.</p>"
  }
},
{
  "model": "products.productdescription",
  "pk": 3,
  "fields": {
    "product": 4,
    "title": "Details",
    "description": "<p style=\"margin-left:0px;\">Size: M-XL (32-37)</p><p style=\"margin-left:0px;\">Cotton.</p><p style=\"margin-left:0px;\">Model is wearing <strong>Medium</strong>. Model’s bust&nbsp;32″, height 5’6″.</p>"
  }
},
{
  "model": "products.productdescription",
  "pk": 4,
  "fields": {
    "product": 5,
    "title": "Details",
    "description": "<p style=\"margin-left:0px;\">Size: M-XL (37-42*)<br>27.5″± Length<br>Colors: Cream, White, Green</p><p style=\"margin-left:0px;\">Viscose Polyester blend. Knitted fabric with breathable fine eyelets. Stretchable and relaxed fit design.</p><p style=\"margin-left:0px;\">*Size fitting depends on wearer’s preference too.</p>"
  }
},
{
  "model": "products.productdescription",
  "pk": 5,
  "fields": {
    "product": 6,
    "title": "Detail",
    "description": "<p style=\"margin-left:0px;\">Brand: UFO</p><p style=\"margin-left:0px;\">Size: S-XL (35-42)<br>28″± Length<br>Colors: Teal Green, Cream, Brown, Green, Grey, Black</p><p style=\"margin-left:0px;\">Cotton with Artificial Silk fabric.</p><p><br>&nbsp;</p>"
  }
},
{
  "model": "products.productdescription",
  "pk": 6,
  "fields": {
    "product": 8,
    "title": "Detail",
    "description": "<p style=\"margin-left:0px;\">Brand: UFO</p><p style=\"margin-left:0px;\">Size: M-XL (38-43*)<br>26″± Length<br>Colors: Khaki, White, Cream, Brown, Dark Navy</p><p style=\"margin-left:0px;\">Hemp+Tencel fabric. Linen texture. Batik notched collar and body design. Relaxed loose fit.</p><p style=\"margin-left:0px;\">*Size fitting depends on wearer’s preference too.</p>"
  }
},
{
  "model": "products.productdescription",
  "pk": 7,
  "fields": {
    "product": 9,
    "title": "Details",
    "description": "<p><span style=\"background-color:rgb(251,251,251);color:rgb(51,51,51);\">Size: L-3XL</span><br><span style=\"background-color:rgb(251,251,251);color:rgb(51,51,51);\">Colors: Beige, Black</span></p>"
  }
},
{
  "model": "products.productdescription",
  "pk": 8,
  "fields": {
    "product": 10,
    "title": "Detail",
    "description": "<p style=\"margin-left:0px;\">Size: 39-45</p><p style=\"margin-left:0px;\">Leather</p>"
  }
},
{
  "model": "products.productdescription",
  "pk": 9,
  "fields": {
    "product": 11,
    "title": "Details",
    "description": "<p><span style=\"background-color:rgb(251,251,251);color:rgb(51,51,51);\">Size (Length x Breadth x Height): 13″ x 4″ x 9.5″</span><br><span style=\"background-color:rgb(251,251,251);color:rgb(51,51,51);\">Colors: Maroon, Cream, Black</span></p>"
  }
},
{
  "model": "products.productdescription",
  "pk": 10,
  "fields": {
    "product": 12,
    "title": "Details",
    "description": "<p style=\"margin-left:0px;\">Size (Length x Breadth x Height): 10″ x 4.5″ x 7″<br>Colors: Black, Brown, Maroon, Olive</p><p style=\"margin-left:0px;\">TPU Synthetic</p>"
  }
},
{
  "model": "products.productdescription",
  "pk": 11,
  "fields": {
    "product": 13,
    "title": "Detail",
    "description": "<p><span style=\"background-color:rgb(251,251,251);color:rgb(51,51,51);\">Size: Free</span></p>"
  }
},
{
  "model": "products.productdescription",
  "pk": 12,
  "fields": {
    "product": 14,
    "title": "Detail",
    "description": "<p><span style=\"background-color:rgb(251,251,251);color:rgb(51,51,51);\">Size: Free</span></p>"
  }
},
{
  "model": "products.productdescription",
  "pk": 13,
  "fields": {
    "product": 15,
    "title": "Details",
    "description": "<p style=\"margin-left:0px;\">Size: M-2XL (Bust 32-40, Waist 27-34*)<br>Top 22″± Length, Skirt 32″± Length<br>Colors: Maroon Top, Black Top</p><p style=\"margin-left:0px;\">Top: Polyblend with Spandex, Stretchable fabric. Slim fit design. Attached neck accessory.<br>Skirt: Poly-Rayon blend. Belt included.</p><p style=\"margin-left:0px;\">*Size fitting depends on wearer’s preference too.</p>"
  }
},
{
  "model": "products.productdescription",
  "pk": 14,
  "fields": {
    "product": 16,
    "title": "Details",
    "description": "<p style=\"margin-left:0px;\">Size: M-XL (27-32)<br>17″± Length<br>Colors: Orange, Turquoise, L. Grey, D. Grey, Black</p><p style=\"margin-left:0px;\">Cotton with Polyester blend. Casual home shorts with drawstring.</p>"
  }
},
{
  "model": "products.productdescription",
  "pk": 15,
  "fields": {
    "product": 17,
    "title": "Detail",
    "description": "<p style=\"margin-left:0px;\">Size: M-XL (26-31)<br>18.5″± Length<br>Colors: White, Grey, Black</p><p style=\"margin-left:0px;\">Poly Cotton blend with Spandex. Elasticated waist with drawstring.</p>"
  }
},
{
  "model": "products.productdescription",
  "pk": 16,
  "fields": {
    "product": 18,
    "title": "Details",
    "description": "<p><span style=\"background-color:rgb(251,251,251);color:rgb(51,51,51);\">Size: 48-54</span></p>"
  }
},
{
  "model": "products.productdescription",
  "pk": 17,
  "fields": {
    "product": 19,
    "title": "Details",
    "description": "<p style=\"margin-left:0px;\">Size: M-XL (36-41)<br>27.5″± Length<br>Colors: Smoke Blue, Pale Green, Beige, Grey, Black, Green</p><p style=\"margin-left:0px;\">Polyester Fabric, Double layered front body.</p>"
  }
},
{
  "model": "products.productdescription",
  "pk": 18,
  "fields": {
    "product": 20,
    "title": "Details",
    "description": "<p style=\"margin-left:0px;\">Size: M-2XL<br>27″~29″ length<br>Colors: Green, White, Brown, Black</p><p style=\"margin-left:0px;\">Cotton Blend</p><p style=\"margin-left:0px;\">*Size fitting depends on wearer’s preference too.</p>"
  }
},
{
  "model": "products.productdescription",
  "pk": 19,
  "fields": {
    "product": 21,
    "title": "Synopsis",
    "description": "<p><span style=\"background-color:rgb(255,255,255);color:rgb(18,18,18);\">A debut YA crime thriller as addictive as Serial and as page-turning as One of Us Is Lying The case is closed. Five years ago, schoolgirl Andie Bell was murdered by Sal Singh. The police know he did it. Everyone in town knows he did it. Almost everyone. Having grown up in the small town that was consumed by the crime, Pippa Fitz-Amobi chooses the case as the topic for her final project. But when Pip starts uncovering secrets that someone in town desperately wants to stay hidden, what starts out as a project begins to become Pip's dangerous reality ... Perfect for fans of One of Us Is Lying, Gone Girl, We Were Liars and Riverdale Holly Jackson is 25 years old. She grew up in Buckinghamshire and started writing stories from a young age, completing her first attempt at a novel aged fifteen. She is a massive true-crime fan and her hobbies include binge-playing video games and pointing out grammatical errors in street signs.</span></p>"
  }
},
{
  "model": "products.productdescription",
  "pk": 20,
  "fields": {
    "product": 22,
    "title": "Synopsis",
    "description": "<p><span style=\"background-color:rgb(255,255,255);color:rgb(18,18,18);\">I love him so totally, completely, sometimes it threatens to overwhelm me. Sometimes I think . . . No. I won't write about that.ALICIAAlicia Berenson writes a diary as a release, an outlet - and to prove to her beloved husband that everything is fine. She can't bear the thought of worrying Gabriel, or causing him pain.Until, late one evening, Alicia shoots Gabriel five times and then never speaks another word.THEOForensic psychotherapist Theo Faber is convinced he can successfully treat Alicia, where all others have failed. Obsessed with investigating her crime, his discoveries suggest Alicia's silence goes far deeper than he first thought.And if she speaks, would he want to hear the truth?THE SILENT PATIENT is a heart-stopping debut thriller about a woman's brutal and random act of violence against her husband - and the man obsessed with discovering why.</span></p>"
  }
},
{
  "model": "products.productdescription",
  "pk": 21,
  "fields": {
    "product": 23,
    "title": "Synopsis",
    "description": "<p><span style=\"background-color:rgb(255,255,255);color:rgb(18,18,18);\">The Kite Runner of Khaled Hosseini's deeply moving fiction debut is an illiterate Afghan boy with an uncanny instinct for predicting exactly where a downed kite will land. Growing up in the city of Kabul in the early 1970s, Hassan was narrator Amir's closest friend even though the loyal 11-year-old with \"a face like a Chinese doll\" was the son of Amir's father's servant and a member of Afghanistan's despised Hazara minority. But in 1975, on the day of Kabul's annual kite-fighting tournament, something unspeakable happened between the two boys</span></p>"
  }
},
{
  "model": "products.productdescription",
  "pk": 22,
  "fields": {
    "product": 24,
    "title": "Ingredients of Brownies",
    "description": "<p style=\"margin-left:0px;\">You can make brownies in your home also. You should follow the pattern of baking brownies. The main ingredients are chocolates, eggs, butter, flour, cocoa powder, chocolate chips, and sugar. Happy baking 🙂</p><p style=\"margin-left:0px;\">Brownies can be of any flavor. Brownies cake is one of the most popular cakes among cake lovers. It comes with a different test. Not so sweet like ordinary chocolate cake, but tests sweet.&nbsp;</p><p style=\"margin-left:0px;\">Brownies are best for any occasion like birthdays, anniversaries, Christmas, valentines day, etc.&nbsp;</p>"
  }
},
{
  "model": "products.attribute",
  "pk": 1,
  "fields": {
    "name": "Size",
    "product": 10,
    "datatype": "int"
  }
},
{
  "model": "products.attribute",
  "pk": 2,
  "fields": {
    "name": "ISBN",
    "product": 21,
    "datatype": "int"
  }
},
{
  "model": "products.attribute",
  "pk": 3,
  "fields": {
    "name": "Language",
    "product": 21,
    "datatype": "str"
  }
},
{
  "model": "products.attribute",
  "pk": 4,
  "fields": {
    "name": "Weight",
    "product": 21,
    "datatype": "int"
  }
},
{
  "model": "products.attribute",
  "pk": 5,
  "fields": {
    "name": "Page Count",
    "product": 21,
    "datatype": "int"
  }
},
{
  "model": "products.attribute",
  "pk": 6,
  "fields": {
    "name": "Author",
    "product": 23,
    "datatype": "str"
  }
},
{
  "model": "products.productattributevalue",
  "pk": 1,
  "fields": {
    "product": 21,
    "attribute": 2,
    "value": "9781405293181"
  }
},
{
  "model": "products.productattributevalue",
  "pk": 2,
  "fields": {
    "product": 21,
    "attribute": 3,
    "value": "English"
  }
},
{
  "model": "products.productattributevalue",
  "pk": 3,
  "fields": {
    "product": 21,
    "attribute": 4,
    "value": "315"
  }
},
{
  "model": "products.productattributevalue",
  "pk": 4,
  "fields": {
    "product": 21,
    "attribute": 5,
    "value": "432"
  }
},
{
  "model": "products.productattributevalue",
  "pk": 5,
  "fields": {
    "product": 22,
    "attribute": 2,
    "value": "9781409181637"
  }
},
{
  "model": "products.productattributevalue",
  "pk": 6,
  "fields": {
    "product": 22,
    "attribute": 3,
    "value": "English"
  }
},
{
  "model": "products.productattributevalue",
  "pk": 7,
  "fields": {
    "product": 22,
    "attribute": 4,
    "value": "260"
  }
},
{
  "model": "products.productattributevalue",
  "pk": 8,
  "fields": {
    "product": 22,
    "attribute": 5,
    "value": "352"
  }
},
{
  "model": "products.productattributevalue",
  "pk": 9,
  "fields": {
    "product": 23,
    "attribute": 6,
    "value": "Khaled Hosseini"
  }
},
{
  "model": "products.productattributevalue",
  "pk": 10,
  "fields": {
    "product": 22,
    "attribute": 6,
    "value": "Alex Michaelides"
  }
},
{
  "model": "products.productattributevalue",
  "pk": 11,
  "fields": {
    "product": 21,
    "attribute": 6,
    "value": "Holly Jackson"
  }
},
{
  "model": "products.productbanner",
  "pk": 1,
  "fields": {
    "product": 29,
    "headline": "Crispy, Hot & Gone in a Bite!",
    "title": "The Crispy Bite You Can’t Resist",
    "short_title": "Freshly fried golden samosas, stuffed with spiced goodness, served hot and ready to satisfy your cravings.",
    "is_display": true
  }
},
{
  "model": "products.productbanner",
  "pk": 2,
  "fields": {
    "product": 24,
    "headline": "Rich, Fudgy & Loaded with Walnuts",
    "title": "The Perfect Indulgence",
    "short_title": "Sink your teeth into a soft, chocolatey brownie with the perfect crunch of roasted walnuts.",
    "is_display": true
  }
},
{
  "model": "products.productbanner",
  "pk": 3,
  "fields": {
    "product": 20,
    "headline": "The Everyday Tank You’ll Live In",
    "title": "Stay Cool, Look Hot",
    "short_title": "Soft, breathable, and made for comfort—our tank tops keep you cool while making sure your style stays on point.",
    "is_display": true
  }
},
{
  "model": "products.productimage",
  "pk": 1,
  "fields": {
    "name": "Striped Shirt_1",
    "product": 1,
    "image": "media/products/110337ms-2.jpg"
  }
},
{
  "model": "products.productimage",
  "pk": 2,
  "fields": {
    "name": "Striped Shirt_2",
    "product": 1,
    "image": "media/products/110337ms-3.jpg"
  }
},
{
  "model": "products.productimage",
  "pk": 3,
  "fields": {
    "name": "Striped Shirt_3",
    "product": 1,
    "image": "media/products/110337ms-4.jpg"
  }
},
{
  "model": "products.productimage",
  "pk": 4,
  "fields": {
    "name": "Denim Dress_4",
    "product": 3,
    "image": "media/products/111611ms-2.jpg"
  }
},
{
  "model": "products.productimage",
  "pk": 5,
  "fields": {
    "name": "Denim Dress_5",
    "product": 3,
    "image": "media/products/111611_w_dresssc.jpg"
  }
},
{
  "model": "products.productimage",
  "pk": 6,
  "fields": {
    "name": "Embroidered Dress_6",
    "product": 4,
    "image": "media/products/111514ms-2.jpg"
  }
},
{
  "model": "products.productimage",
  "pk": 7,
  "fields": {
    "name": "Embroidered Dress_7",
    "product": 4,
    "image": "media/products/111514_w_dress_sc.jpg"
  }
},
{
  "model": "products.productimage",
  "pk": 8,
  "fields": {
    "name": "Eyelet Knit Shirt_8",
    "product": 5,
    "image": "media/products/111766-_0005_7-111766-L.jpg"
  }
},
{
  "model": "products.productimage",
  "pk": 9,
  "fields": {
    "name": "Eyelet Knit Shirt_9",
    "product": 5,
    "image": "media/products/111766-_0003_DSC06523.jpg"
  }
},
{
  "model": "products.productimage",
  "pk": 10,
  "fields": {
    "name": "Eyelet Knit Shirt_10",
    "product": 5,
    "image": "media/products/111766-_0002_DSC06524.jpg"
  }
},
{
  "model": "products.productimage",
  "pk": 11,
  "fields": {
    "name": "Eyelet Knit Shirt_11",
    "product": 5,
    "image": "media/products/111766-_0001_DSC06525.jpg"
  }
},
{
  "model": "products.productimage",
  "pk": 12,
  "fields": {
    "name": "Eyelet Knit Shirt_12",
    "product": 5,
    "image": "media/products/111766-_0000_DSC06657.jpg"
  }
},
{
  "model": "products.productimage",
  "pk": 13,
  "fields": {
    "name": "Eyelet Knit Shirt_13",
    "product": 5,
    "image": "media/products/111468_m_shirt_sc-2.jpg"
  }
},
{
  "model": "products.productimage",
  "pk": 14,
  "fields": {
    "name": "Henley Shirt_14",
    "product": 6,
    "image": "media/products/110695-_0007_DSC08909.jpg"
  }
},
{
  "model": "products.productimage",
  "pk": 15,
  "fields": {
    "name": "Henley Shirt_15",
    "product": 6,
    "image": "media/products/110695-_0006_DSC08911.jpg"
  }
},
{
  "model": "products.productimage",
  "pk": 16,
  "fields": {
    "name": "Henley Shirt_16",
    "product": 6,
    "image": "media/products/110695-_0005_DSC08912.jpg"
  }
},
{
  "model": "products.productimage",
  "pk": 17,
  "fields": {
    "name": "Henley Shirt_17",
    "product": 6,
    "image": "media/products/110695-_0004_DSC08913.jpg"
  }
},
{
  "model": "products.productimage",
  "pk": 18,
  "fields": {
    "name": "Henley Shirt_18",
    "product": 6,
    "image": "media/products/110695-_0003_DSC08914.jpg"
  }
},
{
  "model": "products.productimage",
  "pk": 19,
  "fields": {
    "name": "Henley Shirt_19",
    "product": 6,
    "image": "media/products/110695-_0002_DSC08915.jpg"
  }
},
{
  "model": "products.productimage",
  "pk": 20,
  "fields": {
    "name": "Henley Shirt_20",
    "product": 6,
    "image": "media/products/110695-_0001_DSC08916.jpg"
  }
},
{
  "model": "products.productimage",
  "pk": 21,
  "fields": {
    "name": "Henley Shirt_21",
    "product": 6,
    "image": "media/products/110695-_0000_DSC08974.jpg"
  }
},
{
  "model": "products.productimage",
  "pk": 22,
  "fields": {
    "name": "Henley Shirt_22",
    "product": 6,
    "image": "media/products/110695_m_ufo_tshirt_sc2.jpg"
  }
},
{
  "model": "products.productimage",
  "pk": 23,
  "fields": {
    "name": "Plain Trousers_23",
    "product": 7,
    "image": "media/products/110345-_0001_DSC06858.jpg"
  }
},
{
  "model": "products.productimage",
  "pk": 24,
  "fields": {
    "name": "Plain Trousers_24",
    "product": 7,
    "image": "media/products/110345-_0002_DSC06857.jpg"
  }
},
{
  "model": "products.productimage",
  "pk": 25,
  "fields": {
    "name": "Plain Trousers_25",
    "product": 7,
    "image": "media/products/110345-_0002_DSC06857_1.jpg"
  }
},
{
  "model": "products.productimage",
  "pk": 26,
  "fields": {
    "name": "Plain Trousers_26",
    "product": 7,
    "image": "media/products/110345-_0003_DSC06856.jpg"
  }
},
{
  "model": "products.productimage",
  "pk": 27,
  "fields": {
    "name": "Plain Trousers_27",
    "product": 7,
    "image": "media/products/110345-_0003_DSC06856_1.jpg"
  }
},
{
  "model": "products.productimage",
  "pk": 28,
  "fields": {
    "name": "Plain Trousers_28",
    "product": 7,
    "image": "media/products/110345-_0004_DSC06855.jpg"
  }
},
{
  "model": "products.productimage",
  "pk": 29,
  "fields": {
    "name": "Plain Trousers_29",
    "product": 7,
    "image": "media/products/110345-_0005_DSC06854.jpg"
  }
},
{
  "model": "products.productimage",
  "pk": 30,
  "fields": {
    "name": "Plain Trousers_30",
    "product": 7,
    "image": "media/products/110345-_0000_DSC06929.jpg"
  }
},
{
  "model": "products.productimage",
  "pk": 31,
  "fields": {
    "name": "Plain Trousers_31",
    "product": 7,
    "image": "media/products/110332_k_shorts_sc.jpg"
  }
},
{
  "model": "products.productimage",
  "pk": 32,
  "fields": {
    "name": "Notched Collared Shirt_32",
    "product": 8,
    "image": "media/products/110693-_0001_DSC08899.jpg"
  }
},
{
  "model": "products.productimage",
  "pk": 33,
  "fields": {
    "name": "Notched Collared Shirt_33",
    "product": 8,
    "image": "media/products/110693-_0002_DSC08898.jpg"
  }
},
{
  "model": "products.productimage",
  "pk": 34,
  "fields": {
    "name": "Notched Collared Shirt_34",
    "product": 8,
    "image": "media/products/110693-_0003_DSC08897.jpg"
  }
},
{
  "model": "products.productimage",
  "pk": 35,
  "fields": {
    "name": "Notched Collared Shirt_35",
    "product": 8,
    "image": "media/products/110693-_0004_DSC08896.jpg"
  }
},
{
  "model": "products.productimage",
  "pk": 36,
  "fields": {
    "name": "Notched Collared Shirt_36",
    "product": 8,
    "image": "media/products/110693-_0005_DSC08894.jpg"
  }
},
{
  "model": "products.productimage",
  "pk": 37,
  "fields": {
    "name": "Notched Collared Shirt_37",
    "product": 8,
    "image": "media/products/110693-_0006_DSC08955.jpg"
  }
},
{
  "model": "products.productimage",
  "pk": 38,
  "fields": {
    "name": "Notched Collared Shirt_38",
    "product": 8,
    "image": "media/products/110693-_0000_DSC08954.jpg"
  }
},
{
  "model": "products.productimage",
  "pk": 39,
  "fields": {
    "name": "Notched Collared Shirt_39",
    "product": 8,
    "image": "media/products/110692_m_shirt_ufo_sc.jpg"
  }
},
{
  "model": "products.productimage",
  "pk": 40,
  "fields": {
    "name": "Plain Shacket_40",
    "product": 9,
    "image": "media/products/108520_0001_DSC08764.jpg"
  }
},
{
  "model": "products.productimage",
  "pk": 41,
  "fields": {
    "name": "Chelsea Boots_41",
    "product": 10,
    "image": "media/products/110203_0001_DSC06227.jpg"
  }
},
{
  "model": "products.productimage",
  "pk": 42,
  "fields": {
    "name": "Side Bag_42",
    "product": 11,
    "image": "media/products/111761-_0001_DSC09414.jpg"
  }
},
{
  "model": "products.productimage",
  "pk": 43,
  "fields": {
    "name": "Side Bag_43",
    "product": 11,
    "image": "media/products/111761-_0002_DSC09413.jpg"
  }
},
{
  "model": "products.productimage",
  "pk": 44,
  "fields": {
    "name": "Side Bag_44",
    "product": 11,
    "image": "media/products/111761-_0003_DSC09418.jpg"
  }
},
{
  "model": "products.productimage",
  "pk": 45,
  "fields": {
    "name": "Reptile Embossed Hand Bag_45",
    "product": 12,
    "image": "media/products/111760-_0000_DSC09311.jpg"
  }
},
{
  "model": "products.productimage",
  "pk": 46,
  "fields": {
    "name": "Reptile Embossed Hand Bag_46",
    "product": 12,
    "image": "media/products/111760-_0001_DSC09309.jpg"
  }
},
{
  "model": "products.productimage",
  "pk": 47,
  "fields": {
    "name": "Reptile Embossed Hand Bag_47",
    "product": 12,
    "image": "media/products/111760-_0002_DSC09308.jpg"
  }
},
{
  "model": "products.productimage",
  "pk": 48,
  "fields": {
    "name": "Reptile Embossed Hand Bag_48",
    "product": 12,
    "image": "media/products/111760-_0003_DSC09306.jpg"
  }
},
{
  "model": "products.productimage",
  "pk": 49,
  "fields": {
    "name": "Lace Trim Skirt_49",
    "product": 13,
    "image": "media/products/111614-_0001_DSC06387.jpg"
  }
},
{
  "model": "products.productimage",
  "pk": 50,
  "fields": {
    "name": "Plissé Pleated Skirt_50",
    "product": 14,
    "image": "media/products/0010_104935_DSC00648-Edit.jpg"
  }
},
{
  "model": "products.productimage",
  "pk": 51,
  "fields": {
    "name": "Plissé Pleated Skirt_51",
    "product": 14,
    "image": "media/products/0009_104935_DSC00649-Edit.jpg"
  }
},
{
  "model": "products.productimage",
  "pk": 52,
  "fields": {
    "name": "Plissé Pleated Skirt_52",
    "product": 14,
    "image": "media/products/0008_104935_DSC00650-Edit.jpg"
  }
},
{
  "model": "products.productimage",
  "pk": 53,
  "fields": {
    "name": "Plissé Pleated Skirt_53",
    "product": 14,
    "image": "media/products/0007_104935_DSC00652-Edit.jpg"
  }
},
{
  "model": "products.productimage",
  "pk": 54,
  "fields": {
    "name": "Mock-Neck Top/Skirt set_54",
    "product": 15,
    "image": "media/products/110515-_0000_DSC09982.jpg"
  }
},
{
  "model": "products.productimage",
  "pk": 55,
  "fields": {
    "name": "Mock-Neck Top/Skirt set_55",
    "product": 15,
    "image": "media/products/110515-_0001_DSC09981.jpg"
  }
},
{
  "model": "products.productimage",
  "pk": 56,
  "fields": {
    "name": "Mock-Neck Top/Skirt set_56",
    "product": 15,
    "image": "media/products/110515-_0002_DSC09980.jpg"
  }
},
{
  "model": "products.productimage",
  "pk": 57,
  "fields": {
    "name": "Mock-Neck Top/Skirt set_57",
    "product": 15,
    "image": "media/products/110515-_0003_Hue_Saturation-2.jpg"
  }
},
{
  "model": "products.productimage",
  "pk": 58,
  "fields": {
    "name": "Mock-Neck Top/Skirt set_58",
    "product": 15,
    "image": "media/products/110515_w_top-skirt-set_sc.jpg"
  }
},
{
  "model": "products.productimage",
  "pk": 59,
  "fields": {
    "name": "Basic Shorts_59",
    "product": 16,
    "image": "media/products/110342-_0005_DSC06875-११२१.jpg"
  }
},
{
  "model": "products.productimage",
  "pk": 60,
  "fields": {
    "name": "Basic Shorts_60",
    "product": 16,
    "image": "media/products/110342-_0004_DSC06877.jpg"
  }
},
{
  "model": "products.productimage",
  "pk": 61,
  "fields": {
    "name": "Basic Shorts_61",
    "product": 16,
    "image": "media/products/110342-_0003_DSC06878.jpg"
  }
},
{
  "model": "products.productimage",
  "pk": 62,
  "fields": {
    "name": "Basic Shorts_62",
    "product": 16,
    "image": "media/products/110342-_0002_Hue_Saturation-2.jpg"
  }
},
{
  "model": "products.productimage",
  "pk": 63,
  "fields": {
    "name": "Mélange Shorts_63",
    "product": 17,
    "image": "media/products/111508-_0001_DSC05410.jpg"
  }
},
{
  "model": "products.productimage",
  "pk": 64,
  "fields": {
    "name": "Mélange Shorts_64",
    "product": 17,
    "image": "media/products/111508-_0002_DSC05409.jpg"
  }
},
{
  "model": "products.productimage",
  "pk": 65,
  "fields": {
    "name": "Mélange Shorts_65",
    "product": 17,
    "image": "media/products/111508-_0003_DSC05408.jpg"
  }
},
{
  "model": "products.productimage",
  "pk": 66,
  "fields": {
    "name": "Mélange Shorts_66",
    "product": 17,
    "image": "media/products/111508_w_shorts_sc.jpg"
  }
},
{
  "model": "products.productimage",
  "pk": 67,
  "fields": {
    "name": "Hooded Windcheater_67",
    "product": 19,
    "image": "media/products/110328-_0000_DSC03709.jpg"
  }
},
{
  "model": "products.productimage",
  "pk": 68,
  "fields": {
    "name": "Hooded Windcheater_68",
    "product": 19,
    "image": "media/products/110328-_0001_Layer-5.jpg"
  }
},
{
  "model": "products.productimage",
  "pk": 69,
  "fields": {
    "name": "Hooded Windcheater_69",
    "product": 19,
    "image": "media/products/110328-_0002_Layer-4.jpg"
  }
},
{
  "model": "products.productimage",
  "pk": 70,
  "fields": {
    "name": "Hooded Windcheater_70",
    "product": 19,
    "image": "media/products/110328-_0003_Layer-3.jpg"
  }
},
{
  "model": "products.productimage",
  "pk": 71,
  "fields": {
    "name": "Hooded Windcheater_71",
    "product": 19,
    "image": "media/products/110328-_0004_Layer-2.jpg"
  }
},
{
  "model": "products.productimage",
  "pk": 72,
  "fields": {
    "name": "Hooded Windcheater_72",
    "product": 19,
    "image": "media/products/110328-_0006_DSC03629.jpg"
  }
},
{
  "model": "products.productimage",
  "pk": 73,
  "fields": {
    "name": "Hooded Windcheater_73",
    "product": 19,
    "image": "media/products/110328-_0007_DSC03628.jpg"
  }
},
{
  "model": "products.productimage",
  "pk": 74,
  "fields": {
    "name": "Hooded Windcheater_74",
    "product": 19,
    "image": "media/products/110328_m_jacket_ufo_sc.jpg"
  }
},
{
  "model": "products.productimage",
  "pk": 75,
  "fields": {
    "name": "Tank Top_75",
    "product": 20,
    "image": "media/products/110475-_0001_DSC09023.jpg"
  }
},
{
  "model": "products.productimage",
  "pk": 76,
  "fields": {
    "name": "Tank Top_76",
    "product": 20,
    "image": "media/products/110475-_0002_DSC09022.jpg"
  }
},
{
  "model": "products.productimage",
  "pk": 77,
  "fields": {
    "name": "Tank Top_77",
    "product": 20,
    "image": "media/products/110475-_0003_DSC09020.jpg"
  }
},
{
  "model": "products.productimage",
  "pk": 78,
  "fields": {
    "name": "Tank Top_78",
    "product": 20,
    "image": "media/products/110475-_0004_Levels-2.jpg"
  }
},
{
  "model": "products.productimage",
  "pk": 79,
  "fields": {
    "name": "Tank Top_79",
    "product": 20,
    "image": "media/products/110475-_0005_DSC09060.jpg"
  }
},
{
  "model": "products.productimage",
  "pk": 80,
  "fields": {
    "name": "Tank Top_80",
    "product": 20,
    "image": "media/products/110475_m_cn-sando_sc.jpg"
  }
},
{
  "model": "products.bestdeals",
  "pk": 1,
  "fields": {
    "created": "2025-08-24T15:03:00.166Z",
    "modified": "2025-08-24T15:03:00.166Z",
    "is_active": true,
    "end_date": "2025-09-11T18:15:00Z",
    "products": [
      1,
      3,
      4,
      5,
      7,
      14,
      16,
      17,
      18,
      20,
      22,
      23
    ]
  }
},
{
  "model": "blogs.blog",
  "pk": 1,
  "fields": {
    "name": "How to Build a Successful Multi-Vendor E-Commerce Platform",
    "description": "Thinking about launching a marketplace? It’s not just about hosting multiple sellers—it’s about creating a seamless experience for everyone.\r\n\r\nCore features to implement: vendor dashboards, commission systems, product approval.\r\n\r\nChoosing the right tech stack.\r\n\r\nExamples of successful marketplaces.",
    "status": true,
    "created_at": "2025-08-24T14:54:42Z",
    "author": 2,
    "image": ""
  }
},
{
  "model": "sitesetting.sitesetting",
  "pk": 1,
  "fields": {
    "site_title": "Islington Marketplace",
    "meta_description": "",
    "meta_keywords": null,
    "logo": "photos/logos/logo_LFe2h3n.PNG",
    "favicon": "photos/favicons/logo_sAaPI2t.PNG",
    "email": "medineearyal@gmail.com",
    "phone": "9761849725",
    "location": "Seshmatipul, Tarkeshwor, Kathmandu",
    "facebook": "https://www.facebook.com/profile.php?id=100091368216746",
    "instagram": "https://www.instagram.com/youknowmedi",
    "twitter": null,
    "youtube": null
  }
},
{
  "model": "users.authuser",
  "pk": 1,
  "fields": {
    "password": "pbkdf2_sha256$1000000$UqnlKEcl3Ov2YpUNmC0jVa$SzPYNkxSVKYaTUBn3yqI2Ug0fLkpm4O0xIkUq8hcd5c=",
    "last_login": "2025-08-23T21:27:47.443Z",
    "is_superuser": true,
    "username": "",
    "first_name": "",
    "last_name": "",
    "is_staff": true,
    "is_active": true,
    "date_joined": "2025-08-23T21:06:49.087Z",
    "email": "admin@admin.com",
    "ph_number": "",
    "profile_picture": "",
    "user_type": "user",
    "seller_qr_code": "",
    "seller_bank_name": null,
    "seller_bank_account_number": null,
    "seller_bank_branch_name": null,
    "seller_bank_account_name": null,
    "is_verified_seller": false,
    "groups": [],
    "user_permissions": []
  }
},
{
  "model": "users.authuser",
  "pk": 2,
  "fields": {
    "password": "pbkdf2_sha256$1000000$xf0drtW6LvUdr5VjveYFm2$g8Ld3hPZ+TGFQPHpj/dKGfwjnBN8jYDcMk4D2U8Muug=",
    "last_login": "2025-08-23T21:48:39.316Z",
    "is_superuser": false,
    "username": "medinee",
    "first_name": "Medinee",
    "last_name": "Aryal",
    "is_staff": false,
    "is_active": true,
    "date_joined": "2025-08-23T21:47:59.395Z",
    "email": "medineearyal@gmail.com",
    "ph_number": "9761849725",
    "profile_picture": "user/profile/IMG_1219.JPG",
    "user_type": "seller",
    "seller_qr_code": "user/profile/QR.svg",
    "seller_bank_name": "Global IME Bank Limited",
    "seller_bank_account_number": "1234567890",
    "seller_bank_branch_name": "Tarkeshwor",
    "seller_bank_account_name": "Medinee Aryal",
    "is_verified_seller": false,
    "groups": [],
    "user_permissions": []
  }
}
]
